dataset,comparison_type,reference_source,reference_variant,reference_label,candidate_source,candidate_variant,candidate_label,metric,metric_label,pooled_mean_diff,pooled_ci_low,pooled_ci_high,pooled_p_diff_le_0,seed_mean_diff,seed_ci_low,seed_ci_high,seed_p_diff_le_0,n_seed_diffs,seed_sd_diff,source_path_before_reorg
musique,controller_vs_dense,hyper_rag,contriever,Contriever only,hyper_rag,controller_dense_hkvm,Contriever + Hyper-RAG / co-occurrence-HG,f1,F1,-0.6751926806852507,-1.2324612264217052,-0.13501628201938565,0.9918,-0.6751926806852507,-2.287222461551998,0.4340947108956475,0.7364,3,1.4286196907341173,results/source_level_diagnostics/phase1d_contriever_source_level_ablation_20260529/paper_export/phase1d_contriever_source_level_ablation_bootstrap.csv
musique,controller_vs_dense,hyper_rag,contriever,Contriever only,hyper_rag,controller_dense_hkvm,Contriever + Hyper-RAG / co-occurrence-HG,em,EM,-0.6757688594676596,-1.227416908012688,-0.12412081092263136,0.9928,-0.6757688594676595,-2.3169218038891186,0.4551096400496483,0.75,3,1.454759288813098,results/source_level_diagnostics/phase1d_contriever_source_level_ablation_20260529/paper_export/phase1d_contriever_source_level_ablation_bootstrap.csv
musique,controller_vs_dense,hyper_rag,contriever,Contriever only,hyper_rag,controller_dense_hkvm,Contriever + Hyper-RAG / co-occurrence-HG,all_recall@10,AR@10,-0.05516480485450283,-0.33098882912701694,0.2068680182043856,0.6738,-0.055164804854502834,-0.4137360364087712,0.2482416218452627,0.6272,3,0.334418856791674,results/source_level_diagnostics/phase1d_contriever_source_level_ablation_20260529/paper_export/phase1d_contriever_source_level_ablation_bootstrap.csv
musique,controller_vs_dense,hyper_rag,contriever,Contriever only,hyper_rag,controller_dense_hkvm,Contriever + Hyper-RAG / co-occurrence-HG,all_recall@5,AR@5,-0.33098882912701694,-0.9102192800992966,0.24824162184526272,0.8694,-0.330988829127017,-1.2412081092263136,0.2896152254861398,0.743,3,0.8054581023554731,results/source_level_diagnostics/phase1d_contriever_source_level_ablation_20260529/paper_export/phase1d_contriever_source_level_ablation_bootstrap.csv
musique,controller_vs_source_only,hyper_rag,phase1c_mlp_topk_4,Hyper-RAG / co-occurrence-HG only,hyper_rag,controller_dense_hkvm,Contriever + Hyper-RAG / co-occurrence-HG,f1,F1,19.25830208233874,18.041660814893117,20.49669378566471,0.0,19.258302082338737,17.64627230147199,20.367589473919637,0.0,3,1.4286196907341187,results/source_level_diagnostics/phase1d_contriever_source_level_ablation_20260529/paper_export/phase1d_contriever_source_level_ablation_bootstrap.csv
musique,controller_vs_source_only,hyper_rag,phase1c_mlp_topk_4,Hyper-RAG / co-occurrence-HG only,hyper_rag,controller_dense_hkvm,Contriever + Hyper-RAG / co-occurrence-HG,em,EM,19.514549717280374,18.300924010481314,20.755757826506688,0.0,19.514549717280374,17.873396772858914,20.645428216797683,0.0,3,1.454759288813099,results/source_level_diagnostics/phase1d_contriever_source_level_ablation_20260529/paper_export/phase1d_contriever_source_level_ablation_bootstrap.csv
musique,controller_vs_source_only,hyper_rag,phase1c_mlp_topk_4,Hyper-RAG / co-occurrence-HG only,hyper_rag,controller_dense_hkvm,Contriever + Hyper-RAG / co-occurrence-HG,all_recall@10,AR@10,22.410701972141773,21.12812025927458,23.734657288649842,0.0,22.410701972141776,22.052130740587504,22.714108398841535,0.0,3,0.3344188567916743,results/source_level_diagnostics/phase1d_contriever_source_level_ablation_20260529/paper_export/phase1d_contriever_source_level_ablation_bootstrap.csv
musique,controller_vs_source_only,hyper_rag,phase1c_mlp_topk_4,Hyper-RAG / co-occurrence-HG only,hyper_rag,controller_dense_hkvm,Contriever + Hyper-RAG / co-occurrence-HG,all_recall@5,AR@5,15.349606950765411,14.26010205488898,16.439111846641843,0.0,15.349606950765411,14.439387670666115,15.970211005378568,0.0,3,0.8054581023554732,results/source_level_diagnostics/phase1d_contriever_source_level_ablation_20260529/paper_export/phase1d_contriever_source_level_ablation_bootstrap.csv
musique,whg_kv_controller_vs_source_controller,hyper_rag,controller_dense_hkvm,Contriever + Hyper-RAG / co-occurrence-HG,weighted_hg_kv,controller_dense_hkvm,Contriever + WHG-KV,f1,F1,8.488167551785551,7.508290585026451,9.471487982419324,0.0,8.488167551785551,7.0703318317643316,10.111922943533017,0.0,3,1.5312156302103406,results/source_level_diagnostics/phase1d_contriever_source_level_ablation_20260529/paper_export/phase1d_contriever_source_level_ablation_bootstrap.csv
musique,whg_kv_controller_vs_source_controller,hyper_rag,controller_dense_hkvm,Contriever + Hyper-RAG / co-occurrence-HG,weighted_hg_kv,controller_dense_hkvm,Contriever + WHG-KV,em,EM,8.688456764584195,7.695490277203144,9.736588056819748,0.0,8.688456764584195,7.281754240794373,10.34340091021928,0.0,3,1.5458454027529505,results/source_level_diagnostics/phase1d_contriever_source_level_ablation_20260529/paper_export/phase1d_contriever_source_level_ablation_bootstrap.csv
musique,whg_kv_controller_vs_source_controller,hyper_rag,controller_dense_hkvm,Contriever + Hyper-RAG / co-occurrence-HG,weighted_hg_kv,controller_dense_hkvm,Contriever + WHG-KV,all_recall@10,AR@10,11.998345055854365,11.005378568473313,13.032685146876293,0.0,11.998345055854365,11.832850641290856,12.122465866776997,0.0,3,0.14917464937790664,results/source_level_diagnostics/phase1d_contriever_source_level_ablation_20260529/paper_export/phase1d_contriever_source_level_ablation_bootstrap.csv
musique,whg_kv_controller_vs_source_controller,hyper_rag,controller_dense_hkvm,Contriever + Hyper-RAG / co-occurrence-HG,weighted_hg_kv,controller_dense_hkvm,Contriever + WHG-KV,all_recall@5,AR@5,14.660046890084127,13.542959591780445,15.763342987174182,0.0,14.660046890084125,13.860157219693837,15.80471659081506,0.0,3,1.0170952457587805,results/source_level_diagnostics/phase1d_contriever_source_level_ablation_20260529/paper_export/phase1d_contriever_source_level_ablation_bootstrap.csv
musique,controller_vs_dense,hyper_rag,contriever,Contriever only,static_hg,controller_dense_hkvm,Contriever + Static-HG,f1,F1,-0.3830848372414754,-0.9144692962586343,0.16077923475664713,0.9212,-0.3830848372414754,-1.1362871716616028,0.4284031035716402,0.8638,3,0.7839718255695285,results/source_level_diagnostics/phase1d_contriever_source_level_ablation_20260529/paper_export/phase1d_contriever_source_level_ablation_bootstrap.csv
musique,controller_vs_dense,hyper_rag,contriever,Contriever only,static_hg,controller_dense_hkvm,Contriever + Static-HG,em,EM,-0.3723624327678941,-0.9102192800992966,0.15170321334988277,0.9178,-0.37236243276789405,-1.1584609019445593,0.4551096400496483,0.8492,3,0.807580525276919,results/source_level_diagnostics/phase1d_contriever_source_level_ablation_20260529/paper_export/phase1d_contriever_source_level_ablation_bootstrap.csv
musique,controller_vs_dense,hyper_rag,contriever,Contriever only,static_hg,controller_dense_hkvm,Contriever + Static-HG,all_recall@10,AR@10,-0.013791201213625707,-0.565439249758654,0.5102744449041512,0.5224,-0.013791201213625722,-0.6206040546131568,0.33098882912701694,0.598,3,0.5271414936868403,results/source_level_diagnostics/phase1d_contriever_source_level_ablation_20260529/paper_export/phase1d_contriever_source_level_ablation_bootstrap.csv
musique,controller_vs_dense,hyper_rag,contriever,Contriever only,static_hg,controller_dense_hkvm,Contriever + Static-HG,all_recall@5,AR@5,0.04137360364087712,-0.5102744449041512,0.6068128533995311,0.4432,0.04137360364087711,-0.4137360364087712,0.2896152254861398,0.2534,3,0.39467902416919554,results/source_level_diagnostics/phase1d_contriever_source_level_ablation_20260529/paper_export/phase1d_contriever_source_level_ablation_bootstrap.csv
musique,controller_vs_source_only,static_hg,phase1c_mlp_topk_4,Static-HG only,static_hg,controller_dense_hkvm,Contriever + Static-HG,f1,F1,17.468734337328954,16.220742787431785,18.721984313412293,0.0,17.468734337328954,16.715532002908827,18.28022227814207,0.0,3,0.7839718255695285,results/source_level_diagnostics/phase1d_contriever_source_level_ablation_20260529/paper_export/phase1d_contriever_source_level_ablation_bootstrap.csv
musique,controller_vs_source_only,static_hg,phase1c_mlp_topk_4,Static-HG only,static_hg,controller_dense_hkvm,Contriever + Static-HG,em,EM,17.625155151013654,16.370155840573712,18.880154461453593,0.0,17.625155151013654,16.839056681836986,18.452627223831197,0.0,3,0.8075805252769205,results/source_level_diagnostics/phase1d_contriever_source_level_ablation_20260529/paper_export/phase1d_contriever_source_level_ablation_bootstrap.csv
musique,controller_vs_source_only,static_hg,phase1c_mlp_topk_4,Static-HG only,static_hg,controller_dense_hkvm,Contriever + Static-HG,all_recall@10,AR@10,17.44586953523652,16.19087022479658,18.742242449317335,0.0,17.44586953523652,16.839056681836986,17.790649565577162,0.0,3,0.5271414936868412,results/source_level_diagnostics/phase1d_contriever_source_level_ablation_20260529/paper_export/phase1d_contriever_source_level_ablation_bootstrap.csv
musique,controller_vs_source_only,static_hg,phase1c_mlp_topk_4,Static-HG only,static_hg,controller_dense_hkvm,Contriever + Static-HG,all_recall@5,AR@5,11.750103434009102,10.619224934491795,12.88098193352641,0.0,11.750103434009104,11.294993793959454,11.998345055854365,0.0,3,0.39467902416919515,results/source_level_diagnostics/phase1d_contriever_source_level_ablation_20260529/paper_export/phase1d_contriever_source_level_ablation_bootstrap.csv
musique,whg_kv_controller_vs_source_controller,static_hg,controller_dense_hkvm,Contriever + Static-HG,weighted_hg_kv,controller_dense_hkvm,Contriever + WHG-KV,f1,F1,8.196059708341776,7.2425337518056665,9.178426230223932,0.0,8.196059708341776,7.396297378409379,8.640713714321581,0.0,3,0.694060116687742,results/source_level_diagnostics/phase1d_contriever_source_level_ablation_20260529/paper_export/phase1d_contriever_source_level_ablation_bootstrap.csv
musique,whg_kv_controller_vs_source_controller,static_hg,controller_dense_hkvm,Contriever + Static-HG,weighted_hg_kv,controller_dense_hkvm,Contriever + WHG-KV,em,EM,8.38505033788443,7.392083850503379,9.405599227692733,0.0,8.38505033788443,7.571369466280513,8.895324782788581,0.0,3,0.7122190778472135,results/source_level_diagnostics/phase1d_contriever_source_level_ablation_20260529/paper_export/phase1d_contriever_source_level_ablation_bootstrap.csv
musique,whg_kv_controller_vs_source_controller,static_hg,controller_dense_hkvm,Contriever + Static-HG,weighted_hg_kv,controller_dense_hkvm,Contriever + WHG-KV,all_recall@10,AR@10,11.956971452213487,11.005378568473313,12.908564335953661,0.0,11.956971452213487,11.088125775755069,12.908564335953661,0.0,3,0.9130358498433555,results/source_level_diagnostics/phase1d_contriever_source_level_ablation_20260529/paper_export/phase1d_contriever_source_level_ablation_bootstrap.csv
musique,whg_kv_controller_vs_source_controller,static_hg,controller_dense_hkvm,Contriever + Static-HG,weighted_hg_kv,controller_dense_hkvm,Contriever + WHG-KV,all_recall@5,AR@5,14.287684457316232,13.198179561439801,15.377189353192662,0.0,14.287684457316232,13.860157219693837,14.977244517997518,0.0,3,0.6028821678222147,results/source_level_diagnostics/phase1d_contriever_source_level_ablation_20260529/paper_export/phase1d_contriever_source_level_ablation_bootstrap.csv
musique,controller_vs_dense,hyper_rag,contriever,Contriever only,weighted_kg_ppr,controller_dense_hkvm,Contriever + Weighted-KG-PPR,f1,F1,0.20796331664203843,-0.14483023743409731,0.5775648459821839,0.127,0.20796331664203846,0.0027582402427251385,0.40750650670580574,0.0,3,0.2024335261730989,results/source_level_diagnostics/phase1d_contriever_source_level_ablation_20260529/paper_export/phase1d_contriever_source_level_ablation_bootstrap.csv
musique,controller_vs_dense,hyper_rag,contriever,Contriever only,weighted_kg_ppr,controller_dense_hkvm,Contriever + Weighted-KG-PPR,em,EM,0.234450420631637,-0.12412081092263136,0.6068128533995311,0.1106,0.234450420631637,0.0,0.4551096400496483,0.0352,3,0.22786804084758386,results/source_level_diagnostics/phase1d_contriever_source_level_ablation_20260529/paper_export/phase1d_contriever_source_level_ablation_bootstrap.csv
musique,controller_vs_dense,hyper_rag,contriever,Contriever only,weighted_kg_ppr,controller_dense_hkvm,Contriever + Weighted-KG-PPR,all_recall@10,AR@10,0.0,0.0,0.0,1.0,0.0,0.0,0.0,1.0,3,0.0,results/source_level_diagnostics/phase1d_contriever_source_level_ablation_20260529/paper_export/phase1d_contriever_source_level_ablation_bootstrap.csv
musique,controller_vs_dense,hyper_rag,contriever,Contriever only,weighted_kg_ppr,controller_dense_hkvm,Contriever + Weighted-KG-PPR,all_recall@5,AR@5,0.30340642669976553,-0.05516480485450283,0.6619776582540339,0.0512,0.30340642669976553,0.2896152254861398,0.33098882912701694,0.0,3,0.02388706119940528,results/source_level_diagnostics/phase1d_contriever_source_level_ablation_20260529/paper_export/phase1d_contriever_source_level_ablation_bootstrap.csv
musique,controller_vs_source_only,weighted_kg_ppr,phase1c_mlp_topk_4,Weighted-KG-PPR only,weighted_kg_ppr,controller_dense_hkvm,Contriever + Weighted-KG-PPR,f1,F1,19.395166295566067,18.10906280978627,20.63579550938826,0.0,19.39516629556607,19.189961219166758,19.59470948562984,0.0,3,0.20243352617309884,results/source_level_diagnostics/phase1d_contriever_source_level_ablation_20260529/paper_export/phase1d_contriever_source_level_ablation_bootstrap.csv
musique,controller_vs_source_only,weighted_kg_ppr,phase1c_mlp_topk_4,Weighted-KG-PPR only,weighted_kg_ppr,controller_dense_hkvm,Contriever + Weighted-KG-PPR,em,EM,19.555923320921252,18.300924010481314,20.838505033788444,0.0,19.555923320921252,19.321472900289614,19.776582540339263,0.0,3,0.22786804084758425,results/source_level_diagnostics/phase1d_contriever_source_level_ablation_20260529/paper_export/phase1d_contriever_source_level_ablation_bootstrap.csv
musique,controller_vs_source_only,weighted_kg_ppr,phase1c_mlp_topk_4,Weighted-KG-PPR only,weighted_kg_ppr,controller_dense_hkvm,Contriever + Weighted-KG-PPR,all_recall@10,AR@10,21.472900289615225,20.148944973107156,22.783064404909666,0.0,21.472900289615225,21.472900289615225,21.472900289615225,0.0,3,0.0,results/source_level_diagnostics/phase1d_contriever_source_level_ablation_20260529/paper_export/phase1d_contriever_source_level_ablation_bootstrap.csv
musique,controller_vs_source_only,weighted_kg_ppr,phase1c_mlp_topk_4,Weighted-KG-PPR only,weighted_kg_ppr,controller_dense_hkvm,Contriever + Weighted-KG-PPR,all_recall@5,AR@5,14.701420493725003,13.584333195421321,15.846090194455938,0.0,14.701420493725005,14.68762929251138,14.729002896152254,0.0,3,0.02388706119940467,results/source_level_diagnostics/phase1d_contriever_source_level_ablation_20260529/paper_export/phase1d_contriever_source_level_ablation_bootstrap.csv
musique,whg_kv_controller_vs_source_controller,weighted_kg_ppr,controller_dense_hkvm,Contriever + Weighted-KG-PPR,weighted_hg_kv,controller_dense_hkvm,Contriever + WHG-KV,f1,F1,7.605011554458262,6.600307528203456,8.611289702566534,0.0,7.605011554458263,7.501668302417254,7.702291081954098,0.0,3,0.10044875053375267,results/source_level_diagnostics/phase1d_contriever_source_level_ablation_20260529/paper_export/phase1d_contriever_source_level_ablation_bootstrap.csv
musique,whg_kv_controller_vs_source_controller,weighted_kg_ppr,controller_dense_hkvm,Contriever + Weighted-KG-PPR,weighted_hg_kv,controller_dense_hkvm,Contriever + WHG-KV,em,EM,7.778237484484898,6.785270997103848,8.784995173079576,0.0,7.778237484484898,7.736863880844022,7.819611088125776,0.0,3,0.04137360364087739,results/source_level_diagnostics/phase1d_contriever_source_level_ablation_20260529/paper_export/phase1d_contriever_source_level_ablation_bootstrap.csv
musique,whg_kv_controller_vs_source_controller,weighted_kg_ppr,controller_dense_hkvm,Contriever + Weighted-KG-PPR,weighted_hg_kv,controller_dense_hkvm,Contriever + WHG-KV,all_recall@10,AR@10,11.943180250999863,10.92263136119156,12.963729140808164,0.0,11.94318025099986,11.419114604882084,12.287960281340505,0.0,3,0.46133577944222176,results/source_level_diagnostics/phase1d_contriever_source_level_ablation_20260529/paper_export/phase1d_contriever_source_level_ablation_bootstrap.csv
musique,whg_kv_controller_vs_source_controller,weighted_kg_ppr,controller_dense_hkvm,Contriever + Weighted-KG-PPR,weighted_hg_kv,controller_dense_hkvm,Contriever + WHG-KV,all_recall@5,AR@5,14.025651634257343,12.936146738380913,15.1289477313474,0.0,14.025651634257343,13.81878361605296,14.273893256102605,0.0,3,0.23035847591353037,results/source_level_diagnostics/phase1d_contriever_source_level_ablation_20260529/paper_export/phase1d_contriever_source_level_ablation_bootstrap.csv
musique,controller_vs_dense,hyper_rag,contriever,Contriever only,weighted_hg_kv,controller_dense_hkvm,Contriever + WHG-KV,f1,F1,7.812974871100302,6.810322663441887,8.813542532027183,0.0,7.812974871100302,7.5044265426599805,8.109797588659903,0.0,3,0.30285581271729783,results/source_level_diagnostics/phase1d_contriever_source_level_ablation_20260529/paper_export/phase1d_contriever_source_level_ablation_bootstrap.csv
musique,controller_vs_dense,hyper_rag,contriever,Contriever only,weighted_hg_kv,controller_dense_hkvm,Contriever + WHG-KV,em,EM,8.012687905116536,7.047303820162736,9.047027996138464,0.0,8.012687905116536,7.736863880844022,8.274720728175424,0.0,3,0.2691935084256399,results/source_level_diagnostics/phase1d_contriever_source_level_ablation_20260529/paper_export/phase1d_contriever_source_level_ablation_bootstrap.csv
musique,controller_vs_dense,hyper_rag,contriever,Contriever only,weighted_hg_kv,controller_dense_hkvm,Contriever + WHG-KV,all_recall@10,AR@10,11.943180250999863,10.95021376361881,12.936146738380913,0.0,11.94318025099986,11.419114604882084,12.287960281340505,0.0,3,0.46133577944222176,results/source_level_diagnostics/phase1d_contriever_source_level_ablation_20260529/paper_export/phase1d_contriever_source_level_ablation_bootstrap.csv
musique,controller_vs_dense,hyper_rag,contriever,Contriever only,weighted_hg_kv,controller_dense_hkvm,Contriever + WHG-KV,all_recall@5,AR@5,14.32905806095711,13.239553165080679,15.432354158047167,0.0,14.32905806095711,14.149772445179975,14.563508481588746,0.0,3,0.21231284399862985,results/source_level_diagnostics/phase1d_contriever_source_level_ablation_20260529/paper_export/phase1d_contriever_source_level_ablation_bootstrap.csv
musique,controller_vs_source_only,weighted_hg_kv,phase1c_mlp_topk_4,WHG-KV only,weighted_hg_kv,controller_dense_hkvm,Contriever + WHG-KV,f1,F1,6.624781054478592,5.738024292016845,7.572918856426032,0.0,6.624781054478592,6.295785421768045,6.951516897622336,0.0,3,0.3278715786602678,results/source_level_diagnostics/phase1d_contriever_source_level_ablation_20260529/paper_export/phase1d_contriever_source_level_ablation_bootstrap.csv
musique,controller_vs_source_only,weighted_hg_kv,phase1c_mlp_topk_4,WHG-KV only,weighted_hg_kv,controller_dense_hkvm,Contriever + WHG-KV,em,EM,6.702523789822093,5.778513308509171,7.667907874775893,0.0,6.702523789822094,6.412908564335954,7.033512618949111,0.0,3,0.31236385747913736,results/source_level_diagnostics/phase1d_contriever_source_level_ablation_20260529/paper_export/phase1d_contriever_source_level_ablation_bootstrap.csv
musique,controller_vs_source_only,weighted_hg_kv,phase1c_mlp_topk_4,WHG-KV only,weighted_hg_kv,controller_dense_hkvm,Contriever + WHG-KV,all_recall@10,AR@10,12.839608329885532,11.846641842504482,13.87394842090746,0.0,12.839608329885534,11.998345055854365,13.570541994207696,0.0,3,0.7918840005491985,results/source_level_diagnostics/phase1d_contriever_source_level_ablation_20260529/paper_export/phase1d_contriever_source_level_ablation_bootstrap.csv
musique,controller_vs_source_only,weighted_hg_kv,phase1c_mlp_topk_4,WHG-KV only,weighted_hg_kv,controller_dense_hkvm,Contriever + WHG-KV,all_recall@5,AR@5,7.199007033512619,6.288787753413322,8.109226313611916,0.0,7.199007033512618,6.992139015308234,7.447248655357882,0.0,3,0.23035847591353004,results/source_level_diagnostics/phase1d_contriever_source_level_ablation_20260529/paper_export/phase1d_contriever_source_level_ablation_bootstrap.csv
2wiki,controller_vs_dense,hyper_rag,contriever,Contriever only,hyper_rag,controller_dense_hkvm,Contriever + Hyper-RAG / co-occurrence-HG,f1,F1,7.286456807742007,6.78688959314459,7.786857275506229,0.0,7.286456807742007,6.973589873228799,7.6004420505131725,0.0,3,0.313427584940381,results/source_level_diagnostics/phase1d_contriever_source_level_ablation_20260529/paper_export/phase1d_contriever_source_level_ablation_bootstrap.csv
2wiki,controller_vs_dense,hyper_rag,contriever,Contriever only,hyper_rag,controller_dense_hkvm,Contriever + Hyper-RAG / co-occurrence-HG,em,EM,7.482506361323155,6.960347752332485,8.007315521628499,0.0,7.482506361323154,7.180343511450381,7.8005725190839685,0.0,3,0.31042018600418486,results/source_level_diagnostics/phase1d_contriever_source_level_ablation_20260529/paper_export/phase1d_contriever_source_level_ablation_bootstrap.csv
2wiki,controller_vs_dense,hyper_rag,contriever,Contriever only,hyper_rag,controller_dense_hkvm,Contriever + Hyper-RAG / co-occurrence-HG,all_recall@10,AR@10,0.0,0.0,0.0,1.0,0.0,0.0,0.0,1.0,3,0.0,results/source_level_diagnostics/phase1d_contriever_source_level_ablation_20260529/paper_export/phase1d_contriever_source_level_ablation_bootstrap.csv
2wiki,controller_vs_dense,hyper_rag,contriever,Contriever only,hyper_rag,controller_dense_hkvm,Contriever + Hyper-RAG / co-occurrence-HG,all_recall@5,AR@5,11.537849872773537,10.960029686174725,12.126272264631043,0.0,11.537849872773537,11.156170483460562,12.181933842239184,0.0,3,0.560972138182483,results/source_level_diagnostics/phase1d_contriever_source_level_ablation_20260529/paper_export/phase1d_contriever_source_level_ablation_bootstrap.csv
2wiki,controller_vs_source_only,hyper_rag,phase1c_mlp_topk_4,Hyper-RAG / co-occurrence-HG only,hyper_rag,controller_dense_hkvm,Contriever + Hyper-RAG / co-occurrence-HG,f1,F1,2.1194143765147357,1.712912150475296,2.54171509500287,0.0,2.1194143765147353,1.8065474420015282,2.4333996192859013,0.0,3,0.31342758494038087,results/source_level_diagnostics/phase1d_contriever_source_level_ablation_20260529/paper_export/phase1d_contriever_source_level_ablation_bootstrap.csv
2wiki,controller_vs_source_only,hyper_rag,phase1c_mlp_topk_4,Hyper-RAG / co-occurrence-HG only,hyper_rag,controller_dense_hkvm,Contriever + Hyper-RAG / co-occurrence-HG,em,EM,2.1230916030534353,1.6910517387616624,2.544529262086514,0.0,2.123091603053435,1.8209287531806615,2.4411577608142494,0.0,3,0.3104201860041848,results/source_level_diagnostics/phase1d_contriever_source_level_ablation_20260529/paper_export/phase1d_contriever_source_level_ablation_bootstrap.csv
2wiki,controller_vs_source_only,hyper_rag,phase1c_mlp_topk_4,Hyper-RAG / co-occurrence-HG only,hyper_rag,controller_dense_hkvm,Contriever + Hyper-RAG / co-occurrence-HG,all_recall@10,AR@10,0.34987277353689566,0.29421119592875317,0.4081849024597116,0.0,0.34987277353689566,0.34987277353689566,0.34987277353689566,0.0,3,0.0,results/source_level_diagnostics/phase1d_contriever_source_level_ablation_20260529/paper_export/phase1d_contriever_source_level_ablation_bootstrap.csv
2wiki,controller_vs_source_only,hyper_rag,phase1c_mlp_topk_4,Hyper-RAG / co-occurrence-HG only,hyper_rag,controller_dense_hkvm,Contriever + Hyper-RAG / co-occurrence-HG,all_recall@5,AR@5,1.160941475826972,0.6440839694656488,1.6751484308736218,0.0,1.160941475826972,0.7792620865139949,1.8050254452926209,0.0,3,0.5609721381824831,results/source_level_diagnostics/phase1d_contriever_source_level_ablation_20260529/paper_export/phase1d_contriever_source_level_ablation_bootstrap.csv
2wiki,whg_kv_controller_vs_source_controller,hyper_rag,controller_dense_hkvm,Contriever + Hyper-RAG / co-occurrence-HG,weighted_hg_kv,controller_dense_hkvm,Contriever + WHG-KV,f1,F1,15.833011721667516,15.440785118252002,16.233841502584017,0.0,15.833011721667518,15.407310602395077,16.25807365219972,0.0,3,0.4253818850749389,results/source_level_diagnostics/phase1d_contriever_source_level_ablation_20260529/paper_export/phase1d_contriever_source_level_ablation_bootstrap.csv
2wiki,whg_kv_controller_vs_source_controller,hyper_rag,controller_dense_hkvm,Contriever + Hyper-RAG / co-occurrence-HG,weighted_hg_kv,controller_dense_hkvm,Contriever + WHG-KV,em,EM,16.218723494486852,15.799936386768447,16.62425784563189,0.0,16.218723494486852,15.776081424936386,16.650763358778626,0.0,3,0.43743733998683826,results/source_level_diagnostics/phase1d_contriever_source_level_ablation_20260529/paper_export/phase1d_contriever_source_level_ablation_bootstrap.csv
2wiki,whg_kv_controller_vs_source_controller,hyper_rag,controller_dense_hkvm,Contriever + Hyper-RAG / co-occurrence-HG,weighted_hg_kv,controller_dense_hkvm,Contriever + WHG-KV,all_recall@10,AR@10,0.0,0.0,0.0,1.0,0.0,0.0,0.0,1.0,3,0.0,results/source_level_diagnostics/phase1d_contriever_source_level_ablation_20260529/paper_export/phase1d_contriever_source_level_ablation_bootstrap.csv
2wiki,whg_kv_controller_vs_source_controller,hyper_rag,controller_dense_hkvm,Contriever + Hyper-RAG / co-occurrence-HG,weighted_hg_kv,controller_dense_hkvm,Contriever + WHG-KV,all_recall@5,AR@5,35.000530110262936,34.488973706530956,35.52533927056828,0.0,35.00053011026293,34.20006361323155,35.599554707379134,0.0,3,0.721164308552968,results/source_level_diagnostics/phase1d_contriever_source_level_ablation_20260529/paper_export/phase1d_contriever_source_level_ablation_bootstrap.csv
2wiki,controller_vs_dense,hyper_rag,contriever,Contriever only,static_hg,controller_dense_hkvm,Contriever + Static-HG,f1,F1,14.274703011031336,13.796098890861433,14.75069323777291,0.0,14.274703011031335,14.067754417824139,14.575007051746617,0.0,3,0.266200560367365,results/source_level_diagnostics/phase1d_contriever_source_level_ablation_20260529/paper_export/phase1d_contriever_source_level_ablation_bootstrap.csv
2wiki,controller_vs_dense,hyper_rag,contriever,Contriever only,static_hg,controller_dense_hkvm,Contriever + Static-HG,em,EM,14.551526717557252,14.045271416454623,15.04187871077184,0.0,14.551526717557252,14.344783715012722,14.861641221374045,0.0,3,0.2734952850178086,results/source_level_diagnostics/phase1d_contriever_source_level_ablation_20260529/paper_export/phase1d_contriever_source_level_ablation_bootstrap.csv
2wiki,controller_vs_dense,hyper_rag,contriever,Contriever only,static_hg,controller_dense_hkvm,Contriever + Static-HG,all_recall@10,AR@10,0.0,0.0,0.0,1.0,0.0,0.0,0.0,1.0,3,0.0,results/source_level_diagnostics/phase1d_contriever_source_level_ablation_20260529/paper_export/phase1d_contriever_source_level_ablation_bootstrap.csv
2wiki,controller_vs_dense,hyper_rag,contriever,Contriever only,static_hg,controller_dense_hkvm,Contriever + Static-HG,all_recall@5,AR@5,25.710347752332485,25.11397370653096,26.304071246819337,0.0,25.710347752332485,24.666030534351147,26.2881679389313,0.0,3,0.9061164660522636,results/source_level_diagnostics/phase1d_contriever_source_level_ablation_20260529/paper_export/phase1d_contriever_source_level_ablation_bootstrap.csv
2wiki,controller_vs_source_only,static_hg,phase1c_mlp_topk_4,Static-HG only,static_hg,controller_dense_hkvm,Contriever + Static-HG,f1,F1,1.6750471113590406,1.3959628381356042,1.9522516063663533,0.0,1.6750471113590406,1.4680985181518411,1.975351152074322,0.0,3,0.26620056036736545,results/source_level_diagnostics/phase1d_contriever_source_level_ablation_20260529/paper_export/phase1d_contriever_source_level_ablation_bootstrap.csv
2wiki,controller_vs_source_only,static_hg,phase1c_mlp_topk_4,Static-HG only,static_hg,controller_dense_hkvm,Contriever + Static-HG,em,EM,1.7334605597964376,1.441899915182358,2.0197201017811706,0.0,1.7334605597964376,1.5267175572519085,2.0435750636132317,0.0,3,0.27349528501780923,results/source_level_diagnostics/phase1d_contriever_source_level_ablation_20260529/paper_export/phase1d_contriever_source_level_ablation_bootstrap.csv
2wiki,controller_vs_source_only,static_hg,phase1c_mlp_topk_4,Static-HG only,static_hg,controller_dense_hkvm,Contriever + Static-HG,all_recall@10,AR@10,0.34987277353689566,0.2915606446140797,0.4108354537743851,0.0,0.34987277353689566,0.34987277353689566,0.34987277353689566,0.0,3,0.0,results/source_level_diagnostics/phase1d_contriever_source_level_ablation_20260529/paper_export/phase1d_contriever_source_level_ablation_bootstrap.csv
2wiki,controller_vs_source_only,static_hg,phase1c_mlp_topk_4,Static-HG only,static_hg,controller_dense_hkvm,Contriever + Static-HG,all_recall@5,AR@5,1.9189991518235794,1.547921967769296,2.2953774385072094,0.0,1.9189991518235792,0.8746819338422392,2.496819338422392,0.0,3,0.9061164660522629,results/source_level_diagnostics/phase1d_contriever_source_level_ablation_20260529/paper_export/phase1d_contriever_source_level_ablation_bootstrap.csv
2wiki,whg_kv_controller_vs_source_controller,static_hg,controller_dense_hkvm,Contriever + Static-HG,weighted_hg_kv,controller_dense_hkvm,Contriever + WHG-KV,f1,F1,8.844765518378189,8.540956934231707,9.171266324539133,0.0,8.844765518378189,8.432745601161631,9.05123499206767,0.0,3,0.3568200110580456,results/source_level_diagnostics/phase1d_contriever_source_level_ablation_20260529/paper_export/phase1d_contriever_source_level_ablation_bootstrap.csv
2wiki,whg_kv_controller_vs_source_controller,static_hg,controller_dense_hkvm,Contriever + Static-HG,weighted_hg_kv,controller_dense_hkvm,Contriever + WHG-KV,em,EM,9.149703138252757,8.834287531806616,9.462468193384224,0.0,9.149703138252757,8.71501272264631,9.382951653944021,0.0,3,0.37678871170307177,results/source_level_diagnostics/phase1d_contriever_source_level_ablation_20260529/paper_export/phase1d_contriever_source_level_ablation_bootstrap.csv
2wiki,whg_kv_controller_vs_source_controller,static_hg,controller_dense_hkvm,Contriever + Static-HG,weighted_hg_kv,controller_dense_hkvm,Contriever + WHG-KV,all_recall@10,AR@10,0.0,0.0,0.0,1.0,0.0,0.0,0.0,1.0,3,0.0,results/source_level_diagnostics/phase1d_contriever_source_level_ablation_20260529/paper_export/phase1d_contriever_source_level_ablation_bootstrap.csv
2wiki,whg_kv_controller_vs_source_controller,static_hg,controller_dense_hkvm,Contriever + Static-HG,weighted_hg_kv,controller_dense_hkvm,Contriever + WHG-KV,all_recall@5,AR@5,20.828032230703986,20.395992366412212,21.286577608142494,0.0,20.828032230703986,20.205152671755727,21.811386768447836,0.0,3,0.8616575021998821,results/source_level_diagnostics/phase1d_contriever_source_level_ablation_20260529/paper_export/phase1d_contriever_source_level_ablation_bootstrap.csv
2wiki,controller_vs_dense,hyper_rag,contriever,Contriever only,weighted_kg_ppr,controller_dense_hkvm,Contriever + Weighted-KG-PPR,f1,F1,13.225238810946438,12.72854530926506,13.7302751955533,0.0,13.225238810946438,13.11609295401769,13.32659657518448,0.0,3,0.10546769373558035,results/source_level_diagnostics/phase1d_contriever_source_level_ablation_20260529/paper_export/phase1d_contriever_source_level_ablation_bootstrap.csv
2wiki,controller_vs_dense,hyper_rag,contriever,Contriever only,weighted_kg_ppr,controller_dense_hkvm,Contriever + Weighted-KG-PPR,em,EM,13.562871077184054,13.056615776081426,14.05852417302799,0.0,13.562871077184054,13.478053435114504,13.64503816793893,0.0,3,0.08352391463416445,results/source_level_diagnostics/phase1d_contriever_source_level_ablation_20260529/paper_export/phase1d_contriever_source_level_ablation_bootstrap.csv
2wiki,controller_vs_dense,hyper_rag,contriever,Contriever only,weighted_kg_ppr,controller_dense_hkvm,Contriever + Weighted-KG-PPR,all_recall@10,AR@10,0.0,0.0,0.0,1.0,0.0,0.0,0.0,1.0,3,0.0,results/source_level_diagnostics/phase1d_contriever_source_level_ablation_20260529/paper_export/phase1d_contriever_source_level_ablation_bootstrap.csv
2wiki,controller_vs_dense,hyper_rag,contriever,Contriever only,weighted_kg_ppr,controller_dense_hkvm,Contriever + Weighted-KG-PPR,all_recall@5,AR@5,22.921967769296014,22.325593723494485,23.52364291772689,0.0,22.921967769296014,22.145356234096692,23.346055979643765,0.0,3,0.6735165110541129,results/source_level_diagnostics/phase1d_contriever_source_level_ablation_20260529/paper_export/phase1d_contriever_source_level_ablation_bootstrap.csv
2wiki,controller_vs_source_only,weighted_kg_ppr,phase1c_mlp_topk_4,Weighted-KG-PPR only,weighted_kg_ppr,controller_dense_hkvm,Contriever + Weighted-KG-PPR,f1,F1,2.829576136996433,2.5078731972582067,3.1404506773557066,0.0,2.829576136996433,2.7204302800676845,2.9309339012344737,0.0,3,0.10546769373557989,results/source_level_diagnostics/phase1d_contriever_source_level_ablation_20260529/paper_export/phase1d_contriever_source_level_ablation_bootstrap.csv
2wiki,controller_vs_source_only,weighted_kg_ppr,phase1c_mlp_topk_4,Weighted-KG-PPR only,weighted_kg_ppr,controller_dense_hkvm,Contriever + Weighted-KG-PPR,em,EM,2.8997031382527565,2.589588634435963,3.231022052586938,0.0,2.899703138252757,2.8148854961832064,2.9818702290076335,0.0,3,0.08352391463416424,results/source_level_diagnostics/phase1d_contriever_source_level_ablation_20260529/paper_export/phase1d_contriever_source_level_ablation_bootstrap.csv
2wiki,controller_vs_source_only,weighted_kg_ppr,phase1c_mlp_topk_4,Weighted-KG-PPR only,weighted_kg_ppr,controller_dense_hkvm,Contriever + Weighted-KG-PPR,all_recall@10,AR@10,1.8924936386768447,1.7573155216284988,2.0329728583545377,0.0,1.8924936386768447,1.8924936386768447,1.8924936386768447,0.0,3,0.0,results/source_level_diagnostics/phase1d_contriever_source_level_ablation_20260529/paper_export/phase1d_contriever_source_level_ablation_bootstrap.csv
2wiki,controller_vs_source_only,weighted_kg_ppr,phase1c_mlp_topk_4,Weighted-KG-PPR only,weighted_kg_ppr,controller_dense_hkvm,Contriever + Weighted-KG-PPR,all_recall@5,AR@5,3.170059372349449,2.7645250212044106,3.583545377438507,0.0,3.170059372349449,2.393447837150127,3.5941475826972016,0.0,3,0.6735165110541135,results/source_level_diagnostics/phase1d_contriever_source_level_ablation_20260529/paper_export/phase1d_contriever_source_level_ablation_bootstrap.csv
2wiki,whg_kv_controller_vs_source_controller,weighted_kg_ppr,controller_dense_hkvm,Contriever + Weighted-KG-PPR,weighted_hg_kv,controller_dense_hkvm,Contriever + WHG-KV,f1,F1,9.894229718463086,9.564219028067066,10.246224216765679,0.0,9.894229718463086,9.68115607772377,10.115570571410828,0.0,3,0.2173252129404687,results/source_level_diagnostics/phase1d_contriever_source_level_ablation_20260529/paper_export/phase1d_contriever_source_level_ablation_bootstrap.csv
2wiki,whg_kv_controller_vs_source_controller,weighted_kg_ppr,controller_dense_hkvm,Contriever + Weighted-KG-PPR,weighted_hg_kv,controller_dense_hkvm,Contriever + WHG-KV,em,EM,10.138358778625955,9.791136556403732,10.498833757421544,0.0,10.138358778625955,9.931615776081426,10.353053435114504,0.0,3,0.2108313228938108,results/source_level_diagnostics/phase1d_contriever_source_level_ablation_20260529/paper_export/phase1d_contriever_source_level_ablation_bootstrap.csv
2wiki,whg_kv_controller_vs_source_controller,weighted_kg_ppr,controller_dense_hkvm,Contriever + Weighted-KG-PPR,weighted_hg_kv,controller_dense_hkvm,Contriever + WHG-KV,all_recall@10,AR@10,0.0,0.0,0.0,1.0,0.0,0.0,0.0,1.0,3,0.0,results/source_level_diagnostics/phase1d_contriever_source_level_ablation_20260529/paper_export/phase1d_contriever_source_level_ablation_bootstrap.csv
2wiki,whg_kv_controller_vs_source_controller,weighted_kg_ppr,controller_dense_hkvm,Contriever + Weighted-KG-PPR,weighted_hg_kv,controller_dense_hkvm,Contriever + WHG-KV,all_recall@5,AR@5,23.616412213740457,23.13401187446989,24.088210347752334,0.0,23.61641221374046,23.035941475826974,24.33206106870229,0.0,3,0.6585486635438358,results/source_level_diagnostics/phase1d_contriever_source_level_ablation_20260529/paper_export/phase1d_contriever_source_level_ablation_bootstrap.csv
2wiki,controller_vs_dense,hyper_rag,contriever,Contriever only,weighted_hg_kv,controller_dense_hkvm,Contriever + WHG-KV,f1,F1,23.119468529409527,22.668355050621336,23.576669841893075,0.0,23.119468529409527,23.00775265290825,23.23166352542852,0.0,3,0.11195620516448151,results/source_level_diagnostics/phase1d_contriever_source_level_ablation_20260529/paper_export/phase1d_contriever_source_level_ablation_bootstrap.csv
2wiki,controller_vs_dense,hyper_rag,contriever,Contriever only,weighted_hg_kv,controller_dense_hkvm,Contriever + WHG-KV,em,EM,23.70122985581001,23.23208227311281,24.15712468193384,0.0,23.70122985581001,23.576653944020354,23.831106870229007,0.0,3,0.12730926588764582,results/source_level_diagnostics/phase1d_contriever_source_level_ablation_20260529/paper_export/phase1d_contriever_source_level_ablation_bootstrap.csv
2wiki,controller_vs_dense,hyper_rag,contriever,Contriever only,weighted_hg_kv,controller_dense_hkvm,Contriever + WHG-KV,all_recall@10,AR@10,0.0,0.0,0.0,1.0,0.0,0.0,0.0,1.0,3,0.0,results/source_level_diagnostics/phase1d_contriever_source_level_ablation_20260529/paper_export/phase1d_contriever_source_level_ablation_bootstrap.csv
2wiki,controller_vs_dense,hyper_rag,contriever,Contriever only,weighted_hg_kv,controller_dense_hkvm,Contriever + WHG-KV,all_recall@5,AR@5,46.53837998303647,46.01092027141645,47.063189143341816,0.0,46.53837998303647,46.38199745547073,46.75572519083969,0.0,3,0.1941788900274861,results/source_level_diagnostics/phase1d_contriever_source_level_ablation_20260529/paper_export/phase1d_contriever_source_level_ablation_bootstrap.csv
2wiki,controller_vs_source_only,weighted_hg_kv,phase1c_mlp_topk_4,WHG-KV only,weighted_hg_kv,controller_dense_hkvm,Contriever + WHG-KV,f1,F1,0.22659980675247854,0.15566675514194597,0.2977861303242983,0.0,0.2265998067524785,0.2078442655732732,0.24757711542062688,0.0,3,0.019959384442644557,results/source_level_diagnostics/phase1d_contriever_source_level_ablation_20260529/paper_export/phase1d_contriever_source_level_ablation_bootstrap.csv
2wiki,controller_vs_source_only,weighted_hg_kv,phase1c_mlp_topk_4,WHG-KV only,weighted_hg_kv,controller_dense_hkvm,Contriever + WHG-KV,em,EM,0.23059796437659033,0.15638252756573368,0.30746395250212044,0.0,0.2305979643765903,0.22264631043256997,0.24650127226463103,0.0,3,0.013772668635248704,results/source_level_diagnostics/phase1d_contriever_source_level_ablation_20260529/paper_export/phase1d_contriever_source_level_ablation_bootstrap.csv
2wiki,controller_vs_source_only,weighted_hg_kv,phase1c_mlp_topk_4,WHG-KV only,weighted_hg_kv,controller_dense_hkvm,Contriever + WHG-KV,all_recall@10,AR@10,0.9701017811704835,0.8720313825275657,1.0681721798134012,0.0,0.9701017811704835,0.8746819338422392,1.0416666666666667,0.0,3,0.08601028805973263,results/source_level_diagnostics/phase1d_contriever_source_level_ablation_20260529/paper_export/phase1d_contriever_source_level_ablation_bootstrap.csv
2wiki,controller_vs_source_only,weighted_hg_kv,phase1c_mlp_topk_4,WHG-KV only,weighted_hg_kv,controller_dense_hkvm,Contriever + WHG-KV,all_recall@5,AR@5,0.40553435114503816,0.30216284987277353,0.5115564037319763,0.0,0.40553435114503816,0.3657760814249364,0.44529262086513993,0.0,3,0.03975826972010177,results/source_level_diagnostics/phase1d_contriever_source_level_ablation_20260529/paper_export/phase1d_contriever_source_level_ablation_bootstrap.csv
hotpotqa,controller_vs_dense,hyper_rag,contriever,Contriever only,hyper_rag,controller_dense_hkvm,Contriever + Hyper-RAG / co-occurrence-HG,f1,F1,-1.075391386786708,-1.3854825025337796,-0.766241562444446,1.0,-1.075391386786708,-1.5390482095609792,-0.7767959401990462,1.0,3,0.4070516846400679,results/source_level_diagnostics/phase1d_contriever_source_level_ablation_hotpotqa10k_20260602/paper_export/phase1d_hotpot_contriever_source_level_ablation_bootstrap.csv
hotpotqa,controller_vs_dense,hyper_rag,contriever,Contriever only,hyper_rag,controller_dense_hkvm,Contriever + Hyper-RAG / co-occurrence-HG,em,EM,-1.0983569660139545,-1.4224623002475805,-0.7877560207067297,1.0,-1.0983569660139545,-1.5665091154625255,-0.7967589466576638,1.0,3,0.4110158625672193,results/source_level_diagnostics/phase1d_contriever_source_level_ablation_hotpotqa10k_20260602/paper_export/phase1d_hotpot_contriever_source_level_ablation_bootstrap.csv
hotpotqa,controller_vs_dense,hyper_rag,contriever,Contriever only,hyper_rag,controller_dense_hkvm,Contriever + Hyper-RAG / co-occurrence-HG,all_recall@10,AR@10,0.0,0.0,0.0,1.0,0.0,0.0,0.0,1.0,3,0.0,results/source_level_diagnostics/phase1d_contriever_source_level_ablation_hotpotqa10k_20260602/paper_export/phase1d_hotpot_contriever_source_level_ablation_bootstrap.csv
hotpotqa,controller_vs_dense,hyper_rag,contriever,Contriever only,hyper_rag,controller_dense_hkvm,Contriever + Hyper-RAG / co-occurrence-HG,all_recall@5,AR@5,-0.6977267611973892,-1.0803511141120865,-0.3106009453072249,1.0,-0.6977267611973891,-1.7825793382849426,0.04051316677920324,0.9632,3,0.9596988157219193,results/source_level_diagnostics/phase1d_contriever_source_level_ablation_hotpotqa10k_20260602/paper_export/phase1d_hotpot_contriever_source_level_ablation_bootstrap.csv
hotpotqa,controller_vs_source_only,hyper_rag,phase1c_mlp_topk_4,Hyper-RAG / co-occurrence-HG only,hyper_rag,controller_dense_hkvm,Contriever + Hyper-RAG / co-occurrence-HG,f1,F1,7.780789269528993,7.28573664121982,8.298825724313271,0.0,7.780789269528992,7.317132446754722,8.079384716116653,0.0,3,0.4070516846400675,results/source_level_diagnostics/phase1d_contriever_source_level_ablation_hotpotqa10k_20260602/paper_export/phase1d_hotpot_contriever_source_level_ablation_bootstrap.csv
hotpotqa,controller_vs_source_only,hyper_rag,phase1c_mlp_topk_4,Hyper-RAG / co-occurrence-HG only,hyper_rag,controller_dense_hkvm,Contriever + Hyper-RAG / co-occurrence-HG,em,EM,7.909070447895566,7.409408057618726,8.440243079000675,0.0,7.909070447895566,7.440918298446995,8.210668467251857,0.0,3,0.41101586256721934,results/source_level_diagnostics/phase1d_contriever_source_level_ablation_hotpotqa10k_20260602/paper_export/phase1d_hotpot_contriever_source_level_ablation_bootstrap.csv
hotpotqa,controller_vs_source_only,hyper_rag,phase1c_mlp_topk_4,Hyper-RAG / co-occurrence-HG only,hyper_rag,controller_dense_hkvm,Contriever + Hyper-RAG / co-occurrence-HG,all_recall@10,AR@10,1.7960837272113437,1.6250281341435966,1.9716407832545577,0.0,1.7960837272113437,1.7960837272113437,1.7960837272113437,0.0,3,0.0,results/source_level_diagnostics/phase1d_contriever_source_level_ablation_hotpotqa10k_20260602/paper_export/phase1d_hotpot_contriever_source_level_ablation_bootstrap.csv
hotpotqa,controller_vs_source_only,hyper_rag,phase1c_mlp_topk_4,Hyper-RAG / co-occurrence-HG only,hyper_rag,controller_dense_hkvm,Contriever + Hyper-RAG / co-occurrence-HG,all_recall@5,AR@5,12.928201665541302,12.320504163853252,13.553905019131218,0.0,12.928201665541302,11.843349088453747,13.666441593517893,0.0,3,0.9596988157219194,results/source_level_diagnostics/phase1d_contriever_source_level_ablation_hotpotqa10k_20260602/paper_export/phase1d_hotpot_contriever_source_level_ablation_bootstrap.csv
hotpotqa,whg_kv_controller_vs_source_controller,hyper_rag,controller_dense_hkvm,Contriever + Hyper-RAG / co-occurrence-HG,weighted_hg_kv,controller_dense_hkvm,Contriever + WHG-KV,f1,F1,6.241144773181114,5.786124917378798,6.703346591503704,0.0,6.241144773181113,6.094930485011868,6.481349895878194,0.0,3,0.20965614230210036,results/source_level_diagnostics/phase1d_contriever_source_level_ablation_hotpotqa10k_20260602/paper_export/phase1d_hotpot_contriever_source_level_ablation_bootstrap.csv
hotpotqa,whg_kv_controller_vs_source_controller,hyper_rag,controller_dense_hkvm,Contriever + Hyper-RAG / co-occurrence-HG,weighted_hg_kv,controller_dense_hkvm,Contriever + WHG-KV,em,EM,6.288543776727437,5.8293945532297995,6.743191537249606,0.0,6.288543776727437,6.158001350438892,6.522619851451722,0.0,3,0.20316514240642397,results/source_level_diagnostics/phase1d_contriever_source_level_ablation_hotpotqa10k_20260602/paper_export/phase1d_hotpot_contriever_source_level_ablation_bootstrap.csv
hotpotqa,whg_kv_controller_vs_source_controller,hyper_rag,controller_dense_hkvm,Contriever + Hyper-RAG / co-occurrence-HG,weighted_hg_kv,controller_dense_hkvm,Contriever + WHG-KV,all_recall@10,AR@10,0.0,0.0,0.0,1.0,0.0,0.0,0.0,1.0,3,0.0,results/source_level_diagnostics/phase1d_contriever_source_level_ablation_hotpotqa10k_20260602/paper_export/phase1d_hotpot_contriever_source_level_ablation_bootstrap.csv
hotpotqa,whg_kv_controller_vs_source_controller,hyper_rag,controller_dense_hkvm,Contriever + Hyper-RAG / co-occurrence-HG,weighted_hg_kv,controller_dense_hkvm,Contriever + WHG-KV,all_recall@5,AR@5,9.246004951609272,8.683322079675895,9.822192212469053,0.0,9.246004951609272,8.777852802160702,10.047265361242404,0.0,3,0.6971892827926844,results/source_level_diagnostics/phase1d_contriever_source_level_ablation_hotpotqa10k_20260602/paper_export/phase1d_hotpot_contriever_source_level_ablation_bootstrap.csv
hotpotqa,controller_vs_dense,hyper_rag,contriever,Contriever only,static_hg,controller_dense_hkvm,Contriever + Static-HG,f1,F1,-0.802547166490448,-1.1807610700250808,-0.4183212940809159,0.9998,-0.8025471664904481,-1.3573976477420093,-0.13269377482746827,1.0,3,0.6203983769605557,results/source_level_diagnostics/phase1d_contriever_source_level_ablation_hotpotqa10k_20260602/paper_export/phase1d_hotpot_contriever_source_level_ablation_bootstrap.csv
hotpotqa,controller_vs_dense,hyper_rag,contriever,Contriever only,static_hg,controller_dense_hkvm,Contriever + Static-HG,em,EM,-0.8237677245104659,-1.206392077425163,-0.4366419086203016,1.0,-0.823767724510466,-1.3909520594193114,-0.1485482781904119,1.0,3,0.6282081485273737,results/source_level_diagnostics/phase1d_contriever_source_level_ablation_hotpotqa10k_20260602/paper_export/phase1d_hotpot_contriever_source_level_ablation_bootstrap.csv
hotpotqa,controller_vs_dense,hyper_rag,contriever,Contriever only,static_hg,controller_dense_hkvm,Contriever + Static-HG,all_recall@10,AR@10,0.0,0.0,0.0,1.0,0.0,0.0,0.0,1.0,3,0.0,results/source_level_diagnostics/phase1d_contriever_source_level_ablation_hotpotqa10k_20260602/paper_export/phase1d_hotpot_contriever_source_level_ablation_bootstrap.csv
hotpotqa,controller_vs_dense,hyper_rag,contriever,Contriever only,static_hg,controller_dense_hkvm,Contriever + Static-HG,all_recall@5,AR@5,-0.35111411208642807,-0.837272113436867,0.11253657438667566,0.9274,-0.35111411208642807,-1.5800135043889263,0.675219446320054,0.7522,3,1.1411807934273057,results/source_level_diagnostics/phase1d_contriever_source_level_ablation_hotpotqa10k_20260602/paper_export/phase1d_hotpot_contriever_source_level_ablation_bootstrap.csv
hotpotqa,controller_vs_source_only,static_hg,phase1c_mlp_topk_4,Static-HG only,static_hg,controller_dense_hkvm,Contriever + Static-HG,f1,F1,5.788057105072634,5.331422772341071,6.252711489375906,0.0,5.788057105072634,5.233206623821074,6.4579104967356145,0.0,3,0.6203983769605553,results/source_level_diagnostics/phase1d_contriever_source_level_ablation_hotpotqa10k_20260602/paper_export/phase1d_hotpot_contriever_source_level_ablation_bootstrap.csv
hotpotqa,controller_vs_source_only,static_hg,phase1c_mlp_topk_4,Static-HG only,static_hg,controller_dense_hkvm,Contriever + Static-HG,em,EM,5.887913571910871,5.433265811388702,6.356065721359442,0.0,5.887913571910872,5.320729237002026,6.563133018230925,0.0,3,0.6282081485273735,results/source_level_diagnostics/phase1d_contriever_source_level_ablation_hotpotqa10k_20260602/paper_export/phase1d_hotpot_contriever_source_level_ablation_bootstrap.csv
hotpotqa,controller_vs_source_only,static_hg,phase1c_mlp_topk_4,Static-HG only,static_hg,controller_dense_hkvm,Contriever + Static-HG,all_recall@10,AR@10,1.8095881161377447,1.6430339860454648,1.9851451721809588,0.0,1.8095881161377447,1.8095881161377447,1.8095881161377447,0.0,3,0.0,results/source_level_diagnostics/phase1d_contriever_source_level_ablation_hotpotqa10k_20260602/paper_export/phase1d_hotpot_contriever_source_level_ablation_bootstrap.csv
hotpotqa,controller_vs_source_only,static_hg,phase1c_mlp_topk_4,Static-HG only,static_hg,controller_dense_hkvm,Contriever + Static-HG,all_recall@5,AR@5,10.803511141120865,10.222822417285618,11.366194013054242,0.0,10.803511141120865,9.574611748818366,11.829844699527348,0.0,3,1.141180793427305,results/source_level_diagnostics/phase1d_contriever_source_level_ablation_hotpotqa10k_20260602/paper_export/phase1d_hotpot_contriever_source_level_ablation_bootstrap.csv
hotpotqa,whg_kv_controller_vs_source_controller,static_hg,controller_dense_hkvm,Contriever + Static-HG,weighted_hg_kv,controller_dense_hkvm,Contriever + WHG-KV,f1,F1,5.968300552884853,5.5364770374940475,6.39330154034364,0.0,5.9683005528848545,5.45082831964029,6.299699334059224,0.0,3,0.45399669266873244,results/source_level_diagnostics/phase1d_contriever_source_level_ablation_hotpotqa10k_20260602/paper_export/phase1d_hotpot_contriever_source_level_ablation_bootstrap.csv
hotpotqa,whg_kv_controller_vs_source_controller,static_hg,controller_dense_hkvm,Contriever + Static-HG,weighted_hg_kv,controller_dense_hkvm,Contriever + WHG-KV,em,EM,6.013954535223948,5.586315552554581,6.428089128966914,0.0,6.013954535223948,5.509790681971641,6.347062795408508,0.0,3,0.4440733722309621,results/source_level_diagnostics/phase1d_contriever_source_level_ablation_hotpotqa10k_20260602/paper_export/phase1d_hotpot_contriever_source_level_ablation_bootstrap.csv
hotpotqa,whg_kv_controller_vs_source_controller,static_hg,controller_dense_hkvm,Contriever + Static-HG,weighted_hg_kv,controller_dense_hkvm,Contriever + WHG-KV,all_recall@10,AR@10,0.0,0.0,0.0,1.0,0.0,0.0,0.0,1.0,3,0.0,results/source_level_diagnostics/phase1d_contriever_source_level_ablation_hotpotqa10k_20260602/paper_export/phase1d_hotpot_contriever_source_level_ablation_bootstrap.csv
hotpotqa,whg_kv_controller_vs_source_controller,static_hg,controller_dense_hkvm,Contriever + Static-HG,weighted_hg_kv,controller_dense_hkvm,Contriever + WHG-KV,all_recall@5,AR@5,8.899392302498311,8.363718208417735,9.43056493360342,0.0,8.899392302498311,8.143146522619851,9.844699527346387,0.0,3,0.8663883825709894,results/source_level_diagnostics/phase1d_contriever_source_level_ablation_hotpotqa10k_20260602/paper_export/phase1d_hotpot_contriever_source_level_ablation_bootstrap.csv
hotpotqa,controller_vs_dense,hyper_rag,contriever,Contriever only,weighted_kg_ppr,controller_dense_hkvm,Contriever + Weighted-KG-PPR,f1,F1,-0.35638570326976404,-0.7333274187943132,0.02517065842720206,0.9658,-0.3563857032697641,-0.6281974084134786,0.031882627088569024,0.9636,3,0.34510581346071195,results/source_level_diagnostics/phase1d_contriever_source_level_ablation_hotpotqa10k_20260602/paper_export/phase1d_hotpot_contriever_source_level_ablation_bootstrap.csv
hotpotqa,controller_vs_dense,hyper_rag,contriever,Contriever only,weighted_kg_ppr,controller_dense_hkvm,Contriever + Weighted-KG-PPR,em,EM,-0.3691199639882962,-0.7517443169029935,0.01350438892640108,0.9716,-0.3691199639882962,-0.6482106684672518,0.04051316677920324,0.9648,3,0.36244464971236845,results/source_level_diagnostics/phase1d_contriever_source_level_ablation_hotpotqa10k_20260602/paper_export/phase1d_hotpot_contriever_source_level_ablation_bootstrap.csv
hotpotqa,controller_vs_dense,hyper_rag,contriever,Contriever only,weighted_kg_ppr,controller_dense_hkvm,Contriever + Weighted-KG-PPR,all_recall@10,AR@10,0.0,0.0,0.0,1.0,0.0,0.0,0.0,1.0,3,0.0,results/source_level_diagnostics/phase1d_contriever_source_level_ablation_hotpotqa10k_20260602/paper_export/phase1d_hotpot_contriever_source_level_ablation_bootstrap.csv
hotpotqa,controller_vs_dense,hyper_rag,contriever,Contriever only,weighted_kg_ppr,controller_dense_hkvm,Contriever + Weighted-KG-PPR,all_recall@5,AR@5,1.0533423362592842,0.5356740940805762,1.5575061895115914,0.0,1.0533423362592842,0.5806887238352465,1.7690749493585416,0.0,3,0.6303816349484838,results/source_level_diagnostics/phase1d_contriever_source_level_ablation_hotpotqa10k_20260602/paper_export/phase1d_hotpot_contriever_source_level_ablation_bootstrap.csv
hotpotqa,controller_vs_source_only,weighted_kg_ppr,phase1c_mlp_topk_4,Weighted-KG-PPR only,weighted_kg_ppr,controller_dense_hkvm,Contriever + Weighted-KG-PPR,f1,F1,5.8785221508747645,5.4335601583564275,6.326556102788205,0.0,5.8785221508747645,5.606710445731049,6.266790481233097,0.0,3,0.3451058134607122,results/source_level_diagnostics/phase1d_contriever_source_level_ablation_hotpotqa10k_20260602/paper_export/phase1d_hotpot_contriever_source_level_ablation_bootstrap.csv
hotpotqa,controller_vs_source_only,weighted_kg_ppr,phase1c_mlp_topk_4,Weighted-KG-PPR only,weighted_kg_ppr,controller_dense_hkvm,Contriever + Weighted-KG-PPR,em,EM,5.991447220346613,5.536799459824443,6.441593517893315,0.0,5.991447220346612,5.712356515867657,6.401080351114113,0.0,3,0.36244464971236867,results/source_level_diagnostics/phase1d_contriever_source_level_ablation_hotpotqa10k_20260602/paper_export/phase1d_hotpot_contriever_source_level_ablation_bootstrap.csv
hotpotqa,controller_vs_source_only,weighted_kg_ppr,phase1c_mlp_topk_4,Weighted-KG-PPR only,weighted_kg_ppr,controller_dense_hkvm,Contriever + Weighted-KG-PPR,all_recall@10,AR@10,4.61850101282917,4.339410308350214,4.893090254332658,0.0,4.61850101282917,4.61850101282917,4.61850101282917,0.0,3,0.0,results/source_level_diagnostics/phase1d_contriever_source_level_ablation_hotpotqa10k_20260602/paper_export/phase1d_hotpot_contriever_source_level_ablation_bootstrap.csv
hotpotqa,controller_vs_source_only,weighted_kg_ppr,phase1c_mlp_topk_4,Weighted-KG-PPR only,weighted_kg_ppr,controller_dense_hkvm,Contriever + Weighted-KG-PPR,all_recall@5,AR@5,11.033085752869683,10.465901417960838,11.586765698852126,0.0,11.033085752869681,10.560432140445645,11.748818365968939,0.0,3,0.6303816349484841,results/source_level_diagnostics/phase1d_contriever_source_level_ablation_hotpotqa10k_20260602/paper_export/phase1d_hotpot_contriever_source_level_ablation_bootstrap.csv
hotpotqa,whg_kv_controller_vs_source_controller,weighted_kg_ppr,controller_dense_hkvm,Contriever + Weighted-KG-PPR,weighted_hg_kv,controller_dense_hkvm,Contriever + WHG-KV,f1,F1,5.52213908966417,5.088419469820205,5.98350638800569,0.0,5.5221390896641696,5.286251917724251,5.865021336466661,0.0,3,0.30385764685374045,results/source_level_diagnostics/phase1d_contriever_source_level_ablation_hotpotqa10k_20260602/paper_export/phase1d_hotpot_contriever_source_level_ablation_bootstrap.csv
hotpotqa,whg_kv_controller_vs_source_controller,weighted_kg_ppr,controller_dense_hkvm,Contriever + Weighted-KG-PPR,weighted_hg_kv,controller_dense_hkvm,Contriever + WHG-KV,em,EM,5.559306774701778,5.104659014179608,6.013954535223948,0.0,5.559306774701779,5.320729237002026,5.901417960837272,0.0,3,0.3038737579426094,results/source_level_diagnostics/phase1d_contriever_source_level_ablation_hotpotqa10k_20260602/paper_export/phase1d_hotpot_contriever_source_level_ablation_bootstrap.csv
hotpotqa,whg_kv_controller_vs_source_controller,weighted_kg_ppr,controller_dense_hkvm,Contriever + Weighted-KG-PPR,weighted_hg_kv,controller_dense_hkvm,Contriever + WHG-KV,all_recall@10,AR@10,0.0,0.0,0.0,1.0,0.0,0.0,0.0,1.0,3,0.0,results/source_level_diagnostics/phase1d_contriever_source_level_ablation_hotpotqa10k_20260602/paper_export/phase1d_hotpot_contriever_source_level_ablation_bootstrap.csv
hotpotqa,whg_kv_controller_vs_source_controller,weighted_kg_ppr,controller_dense_hkvm,Contriever + Weighted-KG-PPR,weighted_hg_kv,controller_dense_hkvm,Contriever + WHG-KV,all_recall@5,AR@5,7.494935854152599,6.945757371145622,8.066621652036911,0.0,7.4949358541526,7.049291019581364,7.75151924375422,0.0,3,0.3874135931878744,results/source_level_diagnostics/phase1d_contriever_source_level_ablation_hotpotqa10k_20260602/paper_export/phase1d_hotpot_contriever_source_level_ablation_bootstrap.csv
hotpotqa,controller_vs_dense,hyper_rag,contriever,Contriever only,weighted_hg_kv,controller_dense_hkvm,Contriever + WHG-KV,f1,F1,5.165753386394406,4.683407412506445,5.6341694659415715,0.0,5.165753386394406,4.942301686317214,5.31813454481282,0.0,3,0.1977393506614163,results/source_level_diagnostics/phase1d_contriever_source_level_ablation_hotpotqa10k_20260602/paper_export/phase1d_hotpot_contriever_source_level_ablation_bootstrap.csv
hotpotqa,controller_vs_dense,hyper_rag,contriever,Contriever only,weighted_hg_kv,controller_dense_hkvm,Contriever + WHG-KV,em,EM,5.190186810713482,4.690524420436642,5.671843349088454,0.0,5.190186810713482,4.9561107359891965,5.361242403781229,0.0,3,0.2097894251223235,results/source_level_diagnostics/phase1d_contriever_source_level_ablation_hotpotqa10k_20260602/paper_export/phase1d_hotpot_contriever_source_level_ablation_bootstrap.csv
hotpotqa,controller_vs_dense,hyper_rag,contriever,Contriever only,weighted_hg_kv,controller_dense_hkvm,Contriever + WHG-KV,all_recall@10,AR@10,0.0,0.0,0.0,1.0,0.0,0.0,0.0,1.0,3,0.0,results/source_level_diagnostics/phase1d_contriever_source_level_ablation_hotpotqa10k_20260602/paper_export/phase1d_hotpot_contriever_source_level_ablation_bootstrap.csv
hotpotqa,controller_vs_dense,hyper_rag,contriever,Contriever only,weighted_hg_kv,controller_dense_hkvm,Contriever + WHG-KV,all_recall@5,AR@5,8.548278190411883,7.945082151699302,9.146972766148998,0.0,8.548278190411885,8.264686022957461,8.818365968939906,0.0,3,0.2770868943778963,results/source_level_diagnostics/phase1d_contriever_source_level_ablation_hotpotqa10k_20260602/paper_export/phase1d_hotpot_contriever_source_level_ablation_bootstrap.csv
hotpotqa,controller_vs_source_only,weighted_hg_kv,phase1c_mlp_topk_4,WHG-KV only,weighted_hg_kv,controller_dense_hkvm,Contriever + WHG-KV,f1,F1,2.1669652562760935,1.851301510537279,2.480820347307722,0.0,2.1669652562760935,1.8213810059772226,2.4200353074158114,0.0,3,0.30986432666939207,results/source_level_diagnostics/phase1d_contriever_source_level_ablation_hotpotqa10k_20260602/paper_export/phase1d_hotpot_contriever_source_level_ablation_bootstrap.csv
hotpotqa,controller_vs_source_only,weighted_hg_kv,phase1c_mlp_topk_4,WHG-KV only,weighted_hg_kv,controller_dense_hkvm,Contriever + WHG-KV,em,EM,2.214719783929777,1.8951159126716184,2.5433265811388703,0.0,2.214719783929777,1.8636056718433494,2.484807562457799,0.0,3,0.31842879466715995,results/source_level_diagnostics/phase1d_contriever_source_level_ablation_hotpotqa10k_20260602/paper_export/phase1d_hotpot_contriever_source_level_ablation_bootstrap.csv
hotpotqa,controller_vs_source_only,weighted_hg_kv,phase1c_mlp_topk_4,WHG-KV only,weighted_hg_kv,controller_dense_hkvm,Contriever + WHG-KV,all_recall@10,AR@10,3.560657213594418,3.3310826018456,3.8082376772451045,0.0,3.560657213594418,3.524645509790682,3.5921674544226874,0.0,3,0.0339853001812772,results/source_level_diagnostics/phase1d_contriever_source_level_ablation_hotpotqa10k_20260602/paper_export/phase1d_hotpot_contriever_source_level_ablation_bootstrap.csv
hotpotqa,controller_vs_source_only,weighted_hg_kv,phase1c_mlp_topk_4,WHG-KV only,weighted_hg_kv,controller_dense_hkvm,Contriever + WHG-KV,all_recall@5,AR@5,5.7798784604996625,5.347738014854828,6.212018906144497,0.0,5.7798784604996625,5.37474679270763,6.144496961512491,0.0,3,0.3864709796422464,results/source_level_diagnostics/phase1d_contriever_source_level_ablation_hotpotqa10k_20260602/paper_export/phase1d_hotpot_contriever_source_level_ablation_bootstrap.csv
