dataset,source,source_label,variant,row_type,metric,metric_label,mean,std,seeds,delta_vs_dense,delta_vs_colbertv2,source_only_mean,source_only_delta_vs_dense,source_only_delta_vs_colbertv2,delta_vs_whg_kv_controller,source_path_before_reorg
musique,contriever_only,Contriever only,contriever,dense_baseline,f1,F1,55.56545706585863,0.0,3,0.0,0.0,,,,,results/source_level_diagnostics/phase1d_contriever_source_level_ablation_20260529/paper_export/phase1d_contriever_source_level_ablation_table.csv
musique,contriever_only,Contriever only,contriever,dense_baseline,em,EM,54.90277203144394,0.0,3,0.0,0.0,,,,,results/source_level_diagnostics/phase1d_contriever_source_level_ablation_20260529/paper_export/phase1d_contriever_source_level_ablation_table.csv
musique,contriever_only,Contriever only,contriever,dense_baseline,all_recall@10,AR@10,54.19942076954903,0.0,3,0.0,0.0,,,,,results/source_level_diagnostics/phase1d_contriever_source_level_ablation_20260529/paper_export/phase1d_contriever_source_level_ablation_table.csv
musique,contriever_only,Contriever only,contriever,dense_baseline,all_recall@5,AR@5,28.465039304923458,0.0,3,0.0,0.0,,,,,results/source_level_diagnostics/phase1d_contriever_source_level_ablation_20260529/paper_export/phase1d_contriever_source_level_ablation_table.csv
2wiki,contriever_only,Contriever only,contriever,dense_baseline,f1,F1,65.49835760201627,0.0,3,0.0,0.0,,,,,results/source_level_diagnostics/phase1d_contriever_source_level_ablation_20260529/paper_export/phase1d_contriever_source_level_ablation_table.csv
2wiki,contriever_only,Contriever only,contriever,dense_baseline,em,EM,64.71055979643766,0.0,3,0.0,0.0,,,,,results/source_level_diagnostics/phase1d_contriever_source_level_ablation_20260529/paper_export/phase1d_contriever_source_level_ablation_table.csv
2wiki,contriever_only,Contriever only,contriever,dense_baseline,all_recall@10,AR@10,100.0,0.0,3,0.0,0.0,,,,,results/source_level_diagnostics/phase1d_contriever_source_level_ablation_20260529/paper_export/phase1d_contriever_source_level_ablation_table.csv
2wiki,contriever_only,Contriever only,contriever,dense_baseline,all_recall@5,AR@5,46.39790076335878,0.0,3,0.0,0.0,,,,,results/source_level_diagnostics/phase1d_contriever_source_level_ablation_20260529/paper_export/phase1d_contriever_source_level_ablation_table.csv
musique,hyper_rag,Contriever + Hyper-RAG / co-occurrence-HG,controller_dense_hkvm,dense_plus_source_controller,f1,F1,54.89026438517338,1.1664630929304334,3,-0.6751926806852495,-0.6751926806852495,35.631962302834644,-19.933494763023987,-19.933494763023987,-8.488167551785551,results/source_level_diagnostics/phase1d_contriever_source_level_ablation_20260529/paper_export/phase1d_contriever_source_level_ablation_table.csv
musique,hyper_rag,Hyper-RAG / co-occurrence-HG only,phase1c_mlp_topk_4,source_only_baseline,f1,F1,35.631962302834644,0.0,3,-19.933494763023987,-19.933494763023987,,,,,results/source_level_diagnostics/phase1d_contriever_source_level_ablation_20260529/paper_export/phase1d_contriever_source_level_ablation_table.csv
musique,hyper_rag,Contriever + Hyper-RAG / co-occurrence-HG,controller_dense_hkvm,dense_plus_source_controller,em,EM,54.22700317197628,1.1878059853887446,3,-0.6757688594676594,-0.6757688594676594,34.712453454695904,-20.190318576748034,-20.190318576748034,-8.688456764584195,results/source_level_diagnostics/phase1d_contriever_source_level_ablation_20260529/paper_export/phase1d_contriever_source_level_ablation_table.csv
musique,hyper_rag,Hyper-RAG / co-occurrence-HG only,phase1c_mlp_topk_4,source_only_baseline,em,EM,34.712453454695904,0.0,3,-20.190318576748034,-20.190318576748034,,,,,results/source_level_diagnostics/phase1d_contriever_source_level_ablation_20260529/paper_export/phase1d_contriever_source_level_ablation_table.csv
musique,hyper_rag,Contriever + Hyper-RAG / co-occurrence-HG,controller_dense_hkvm,dense_plus_source_controller,all_recall@10,AR@10,54.14425596469452,0.2730518531681596,3,-0.055164804854506144,-0.055164804854506144,31.73355399255275,-22.46586677699628,-22.46586677699628,-11.998345055854372,results/source_level_diagnostics/phase1d_contriever_source_level_ablation_20260529/paper_export/phase1d_contriever_source_level_ablation_table.csv
musique,hyper_rag,Hyper-RAG / co-occurrence-HG only,phase1c_mlp_topk_4,source_only_baseline,all_recall@10,AR@10,31.73355399255275,0.0,3,-22.46586677699628,-22.46586677699628,,,,,results/source_level_diagnostics/phase1d_contriever_source_level_ablation_20260529/paper_export/phase1d_contriever_source_level_ablation_table.csv
musique,hyper_rag,Contriever + Hyper-RAG / co-occurrence-HG,controller_dense_hkvm,dense_plus_source_controller,all_recall@5,AR@5,28.134050475796442,0.6576537866537785,3,-0.33098882912701555,-0.33098882912701555,12.78444352503103,-15.680595779892428,-15.680595779892428,-14.660046890084125,results/source_level_diagnostics/phase1d_contriever_source_level_ablation_20260529/paper_export/phase1d_contriever_source_level_ablation_table.csv
musique,hyper_rag,Hyper-RAG / co-occurrence-HG only,phase1c_mlp_topk_4,source_only_baseline,all_recall@5,AR@5,12.78444352503103,0.0,3,-15.680595779892428,-15.680595779892428,,,,,results/source_level_diagnostics/phase1d_contriever_source_level_ablation_20260529/paper_export/phase1d_contriever_source_level_ablation_table.csv
musique,static_hg,Contriever + Static-HG,controller_dense_hkvm,dense_plus_source_controller,f1,F1,55.182372228617155,0.6401103151211862,3,-0.38308483724147635,-0.38308483724147635,37.7136378912882,-17.85181917457043,-17.85181917457043,-8.196059708341778,results/source_level_diagnostics/phase1d_contriever_source_level_ablation_20260529/paper_export/phase1d_contriever_source_level_ablation_table.csv
musique,static_hg,Static-HG only,phase1c_mlp_topk_4,source_only_baseline,f1,F1,37.7136378912882,0.0,3,-17.85181917457043,-17.85181917457043,,,,,results/source_level_diagnostics/phase1d_contriever_source_level_ablation_20260529/paper_export/phase1d_contriever_source_level_ablation_table.csv
musique,static_hg,Contriever + Static-HG,controller_dense_hkvm,dense_plus_source_controller,em,EM,54.530409598676044,0.6593867377124213,3,-0.3723624327678934,-0.3723624327678934,36.905254447662394,-17.997517583781544,-17.997517583781544,-8.38505033788443,results/source_level_diagnostics/phase1d_contriever_source_level_ablation_20260529/paper_export/phase1d_contriever_source_level_ablation_table.csv
musique,static_hg,Static-HG only,phase1c_mlp_topk_4,source_only_baseline,em,EM,36.905254447662394,0.0,3,-17.997517583781544,-17.997517583781544,,,,,results/source_level_diagnostics/phase1d_contriever_source_level_ablation_20260529/paper_export/phase1d_contriever_source_level_ablation_table.csv
musique,static_hg,Contriever + Static-HG,controller_dense_hkvm,dense_plus_source_controller,all_recall@10,AR@10,54.1856295683354,0.43040922726044023,3,-0.013791201213628312,-0.013791201213628312,36.73976003309888,-17.459660736450147,-17.459660736450147,-11.956971452213494,results/source_level_diagnostics/phase1d_contriever_source_level_ablation_20260529/paper_export/phase1d_contriever_source_level_ablation_table.csv
musique,static_hg,Static-HG only,phase1c_mlp_topk_4,source_only_baseline,all_recall@10,AR@10,36.73976003309888,0.0,3,-17.459660736450147,-17.459660736450147,,,,,results/source_level_diagnostics/phase1d_contriever_source_level_ablation_20260529/paper_export/phase1d_contriever_source_level_ablation_table.csv
musique,static_hg,Contriever + Static-HG,controller_dense_hkvm,dense_plus_source_controller,all_recall@5,AR@5,28.506412908564336,0.32225407379804005,3,0.04137360364087783,0.04137360364087783,16.756309474555234,-11.708729830368224,-11.708729830368224,-14.287684457316232,results/source_level_diagnostics/phase1d_contriever_source_level_ablation_20260529/paper_export/phase1d_contriever_source_level_ablation_table.csv
musique,static_hg,Static-HG only,phase1c_mlp_topk_4,source_only_baseline,all_recall@5,AR@5,16.756309474555234,0.0,3,-11.708729830368224,-11.708729830368224,,,,,results/source_level_diagnostics/phase1d_contriever_source_level_ablation_20260529/paper_export/phase1d_contriever_source_level_ablation_table.csv
musique,weighted_kg_ppr,Contriever + Weighted-KG-PPR,controller_dense_hkvm,dense_plus_source_controller,f1,F1,55.773420382500674,0.1652862819854786,3,0.2079633166420436,0.2079633166420436,36.378254086934604,-19.187202978924027,-19.187202978924027,-7.605011554458258,results/source_level_diagnostics/phase1d_contriever_source_level_ablation_20260529/paper_export/phase1d_contriever_source_level_ablation_table.csv
musique,weighted_kg_ppr,Weighted-KG-PPR only,phase1c_mlp_topk_4,source_only_baseline,f1,F1,36.378254086934604,0.0,3,-19.187202978924027,-19.187202978924027,,,,,results/source_level_diagnostics/phase1d_contriever_source_level_ablation_20260529/paper_export/phase1d_contriever_source_level_ablation_table.csv
musique,weighted_kg_ppr,Contriever + Weighted-KG-PPR,controller_dense_hkvm,dense_plus_source_controller,em,EM,55.13722245207558,0.18605347625475202,3,0.23445042063163868,0.23445042063163868,35.581299131154324,-19.321472900289614,-19.321472900289614,-7.778237484484897,results/source_level_diagnostics/phase1d_contriever_source_level_ablation_20260529/paper_export/phase1d_contriever_source_level_ablation_table.csv
musique,weighted_kg_ppr,Weighted-KG-PPR only,phase1c_mlp_topk_4,source_only_baseline,em,EM,35.581299131154324,0.0,3,-19.321472900289614,-19.321472900289614,,,,,results/source_level_diagnostics/phase1d_contriever_source_level_ablation_20260529/paper_export/phase1d_contriever_source_level_ablation_table.csv
musique,weighted_kg_ppr,Contriever + Weighted-KG-PPR,controller_dense_hkvm,dense_plus_source_controller,all_recall@10,AR@10,54.19942076954903,0.0,3,0.0,0.0,32.726520479933804,-21.472900289615225,-21.472900289615225,-11.943180250999866,results/source_level_diagnostics/phase1d_contriever_source_level_ablation_20260529/paper_export/phase1d_contriever_source_level_ablation_table.csv
musique,weighted_kg_ppr,Weighted-KG-PPR only,phase1c_mlp_topk_4,source_only_baseline,all_recall@10,AR@10,32.726520479933804,0.0,3,-21.472900289615225,-21.472900289615225,,,,,results/source_level_diagnostics/phase1d_contriever_source_level_ablation_20260529/paper_export/phase1d_contriever_source_level_ablation_table.csv
musique,weighted_kg_ppr,Contriever + Weighted-KG-PPR,controller_dense_hkvm,dense_plus_source_controller,all_recall@5,AR@5,28.768445731623224,0.019503703797726098,3,0.30340642669976603,0.30340642669976603,14.067025237898221,-14.398014067025237,-14.398014067025237,-14.025651634257343,results/source_level_diagnostics/phase1d_contriever_source_level_ablation_20260529/paper_export/phase1d_contriever_source_level_ablation_table.csv
musique,weighted_kg_ppr,Weighted-KG-PPR only,phase1c_mlp_topk_4,source_only_baseline,all_recall@5,AR@5,14.067025237898221,0.0,3,-14.398014067025237,-14.398014067025237,,,,,results/source_level_diagnostics/phase1d_contriever_source_level_ablation_20260529/paper_export/phase1d_contriever_source_level_ablation_table.csv
musique,weighted_hg_kv,Contriever + WHG-KV,controller_dense_hkvm,dense_plus_source_controller,f1,F1,63.37843193695893,0.2472807355977613,3,7.812974871100302,7.812974871100302,56.75365088248034,1.1881938166217125,1.1881938166217125,0.0,results/source_level_diagnostics/phase1d_contriever_source_level_ablation_20260529/paper_export/phase1d_contriever_source_level_ablation_table.csv
musique,weighted_hg_kv,WHG-KV only,phase1c_mlp_topk_4,source_only_baseline,f1,F1,56.75365088248034,0.24927685895406687,3,1.1881938166217125,1.1881938166217125,,,,,results/source_level_diagnostics/phase1d_contriever_source_level_ablation_20260529/paper_export/phase1d_contriever_source_level_ablation_table.csv
musique,weighted_hg_kv,Contriever + WHG-KV,controller_dense_hkvm,dense_plus_source_controller,em,EM,62.915459936560474,0.21979557923747478,3,8.012687905116536,8.012687905116536,56.21293614673838,1.310164115294441,1.310164115294441,0.0,results/source_level_diagnostics/phase1d_contriever_source_level_ablation_20260529/paper_export/phase1d_contriever_source_level_ablation_table.csv
musique,weighted_hg_kv,WHG-KV only,phase1c_mlp_topk_4,source_only_baseline,em,EM,56.21293614673838,0.25354814937043346,3,1.310164115294441,1.310164115294441,,,,,results/source_level_diagnostics/phase1d_contriever_source_level_ablation_20260529/paper_export/phase1d_contriever_source_level_ablation_table.csv
musique,weighted_hg_kv,Contriever + WHG-KV,controller_dense_hkvm,dense_plus_source_controller,all_recall@10,AR@10,66.1426010205489,0.37667908657420107,3,11.943180250999866,11.943180250999866,53.30299269066336,-0.8964280788856698,-0.8964280788856698,0.0,results/source_level_diagnostics/phase1d_contriever_source_level_ablation_20260529/paper_export/phase1d_contriever_source_level_ablation_table.csv
musique,weighted_hg_kv,WHG-KV only,phase1c_mlp_topk_4,source_only_baseline,all_recall@10,AR@10,53.30299269066336,0.29125240769470173,3,-0.8964280788856698,-0.8964280788856698,,,,,results/source_level_diagnostics/phase1d_contriever_source_level_ablation_20260529/paper_export/phase1d_contriever_source_level_ablation_table.csv
musique,weighted_hg_kv,Contriever + WHG-KV,controller_dense_hkvm,dense_plus_source_controller,all_recall@5,AR@5,42.79409736588057,0.17335271121192275,3,14.32905806095711,14.32905806095711,35.59509033236795,7.130051027444495,7.130051027444495,0.0,results/source_level_diagnostics/phase1d_contriever_source_level_ablation_20260529/paper_export/phase1d_contriever_source_level_ablation_table.csv
musique,weighted_hg_kv,WHG-KV only,phase1c_mlp_topk_4,source_only_baseline,all_recall@5,AR@5,35.59509033236795,0.019503703797726098,3,7.130051027444495,7.130051027444495,,,,,results/source_level_diagnostics/phase1d_contriever_source_level_ablation_20260529/paper_export/phase1d_contriever_source_level_ablation_table.csv
2wiki,hyper_rag,Contriever + Hyper-RAG / co-occurrence-HG,controller_dense_hkvm,dense_plus_source_controller,f1,F1,72.78481440975828,0.25591255147225694,3,7.286456807742013,7.286456807742013,70.66540003324354,5.167042431227273,5.167042431227273,-15.833011721667518,results/source_level_diagnostics/phase1d_contriever_source_level_ablation_20260529/paper_export/phase1d_contriever_source_level_ablation_table.csv
2wiki,hyper_rag,Hyper-RAG / co-occurrence-HG only,phase1c_mlp_topk_4,source_only_baseline,f1,F1,70.66540003324354,0.0,3,5.167042431227273,5.167042431227273,,,,,results/source_level_diagnostics/phase1d_contriever_source_level_ablation_20260529/paper_export/phase1d_contriever_source_level_ablation_table.csv
2wiki,hyper_rag,Contriever + Hyper-RAG / co-occurrence-HG,controller_dense_hkvm,dense_plus_source_controller,em,EM,72.19306615776081,0.25345702052336944,3,7.482506361323146,7.482506361323146,70.06997455470739,5.359414758269722,5.359414758269722,-16.218723494486852,results/source_level_diagnostics/phase1d_contriever_source_level_ablation_20260529/paper_export/phase1d_contriever_source_level_ablation_table.csv
2wiki,hyper_rag,Hyper-RAG / co-occurrence-HG only,phase1c_mlp_topk_4,source_only_baseline,em,EM,70.06997455470739,0.0,3,5.359414758269722,5.359414758269722,,,,,results/source_level_diagnostics/phase1d_contriever_source_level_ablation_20260529/paper_export/phase1d_contriever_source_level_ablation_table.csv
2wiki,hyper_rag,Contriever + Hyper-RAG / co-occurrence-HG,controller_dense_hkvm,dense_plus_source_controller,all_recall@10,AR@10,100.0,0.0,3,0.0,0.0,99.6501272264631,-0.3498727735369016,-0.3498727735369016,0.0,results/source_level_diagnostics/phase1d_contriever_source_level_ablation_20260529/paper_export/phase1d_contriever_source_level_ablation_table.csv
2wiki,hyper_rag,Hyper-RAG / co-occurrence-HG only,phase1c_mlp_topk_4,source_only_baseline,all_recall@10,AR@10,99.6501272264631,0.0,3,-0.3498727735369016,-0.3498727735369016,,,,,results/source_level_diagnostics/phase1d_contriever_source_level_ablation_20260529/paper_export/phase1d_contriever_source_level_ablation_table.csv
2wiki,hyper_rag,Contriever + Hyper-RAG / co-occurrence-HG,controller_dense_hkvm,dense_plus_source_controller,all_recall@5,AR@5,57.93575063613232,0.45803183282171395,3,11.537849872773542,11.537849872773542,56.774809160305345,10.376908396946568,10.376908396946568,-35.000530110262936,results/source_level_diagnostics/phase1d_contriever_source_level_ablation_20260529/paper_export/phase1d_contriever_source_level_ablation_table.csv
2wiki,hyper_rag,Hyper-RAG / co-occurrence-HG only,phase1c_mlp_topk_4,source_only_baseline,all_recall@5,AR@5,56.774809160305345,0.0,3,10.376908396946568,10.376908396946568,,,,,results/source_level_diagnostics/phase1d_contriever_source_level_ablation_20260529/paper_export/phase1d_contriever_source_level_ablation_table.csv
2wiki,static_hg,Contriever + Static-HG,controller_dense_hkvm,dense_plus_source_controller,f1,F1,79.7730606130476,0.21735184738100163,3,14.274703011031335,14.274703011031335,78.09801350168857,12.5996558996723,12.5996558996723,-8.844765518378196,results/source_level_diagnostics/phase1d_contriever_source_level_ablation_20260529/paper_export/phase1d_contriever_source_level_ablation_table.csv
2wiki,static_hg,Static-HG only,phase1c_mlp_topk_4,source_only_baseline,f1,F1,78.09801350168857,0.0,3,12.5996558996723,12.5996558996723,,,,,results/source_level_diagnostics/phase1d_contriever_source_level_ablation_20260529/paper_export/phase1d_contriever_source_level_ablation_table.csv
2wiki,static_hg,Contriever + Static-HG,controller_dense_hkvm,dense_plus_source_controller,em,EM,79.26208651399492,0.2233079651168933,3,14.551526717557252,14.551526717557252,77.52862595419847,12.81806615776081,12.81806615776081,-9.149703138252747,results/source_level_diagnostics/phase1d_contriever_source_level_ablation_20260529/paper_export/phase1d_contriever_source_level_ablation_table.csv
2wiki,static_hg,Static-HG only,phase1c_mlp_topk_4,source_only_baseline,em,EM,77.52862595419847,0.0,3,12.81806615776081,12.81806615776081,,,,,results/source_level_diagnostics/phase1d_contriever_source_level_ablation_20260529/paper_export/phase1d_contriever_source_level_ablation_table.csv
2wiki,static_hg,Contriever + Static-HG,controller_dense_hkvm,dense_plus_source_controller,all_recall@10,AR@10,100.0,0.0,3,0.0,0.0,99.6501272264631,-0.3498727735369016,-0.3498727735369016,0.0,results/source_level_diagnostics/phase1d_contriever_source_level_ablation_20260529/paper_export/phase1d_contriever_source_level_ablation_table.csv
2wiki,static_hg,Static-HG only,phase1c_mlp_topk_4,source_only_baseline,all_recall@10,AR@10,99.6501272264631,0.0,3,-0.3498727735369016,-0.3498727735369016,,,,,results/source_level_diagnostics/phase1d_contriever_source_level_ablation_20260529/paper_export/phase1d_contriever_source_level_ablation_table.csv
2wiki,static_hg,Contriever + Static-HG,controller_dense_hkvm,dense_plus_source_controller,all_recall@5,AR@5,72.10824851569126,0.7398409964539829,3,25.71034775233248,25.71034775233248,70.18924936386769,23.79134860050891,23.79134860050891,-20.828032230703997,results/source_level_diagnostics/phase1d_contriever_source_level_ablation_20260529/paper_export/phase1d_contriever_source_level_ablation_table.csv
2wiki,static_hg,Static-HG only,phase1c_mlp_topk_4,source_only_baseline,all_recall@5,AR@5,70.18924936386769,0.0,3,23.79134860050891,23.79134860050891,,,,,results/source_level_diagnostics/phase1d_contriever_source_level_ablation_20260529/paper_export/phase1d_contriever_source_level_ablation_table.csv
2wiki,weighted_kg_ppr,Contriever + Weighted-KG-PPR,controller_dense_hkvm,dense_plus_source_controller,f1,F1,78.7235964129627,0.0861140113334355,3,13.225238810946436,13.225238810946436,75.89402027596628,10.395662673950014,10.395662673950014,-9.894229718463095,results/source_level_diagnostics/phase1d_contriever_source_level_ablation_20260529/paper_export/phase1d_contriever_source_level_ablation_table.csv
2wiki,weighted_kg_ppr,Weighted-KG-PPR only,phase1c_mlp_topk_4,source_only_baseline,f1,F1,75.89402027596628,0.0,3,10.395662673950014,10.395662673950014,,,,,results/source_level_diagnostics/phase1d_contriever_source_level_ablation_20260529/paper_export/phase1d_contriever_source_level_ablation_table.csv
2wiki,weighted_kg_ppr,Contriever + Weighted-KG-PPR,controller_dense_hkvm,dense_plus_source_controller,em,EM,78.27343087362172,0.06819699072449029,3,13.562871077184056,13.562871077184056,75.37372773536896,10.663167938931295,10.663167938931295,-10.138358778625943,results/source_level_diagnostics/phase1d_contriever_source_level_ablation_20260529/paper_export/phase1d_contriever_source_level_ablation_table.csv
2wiki,weighted_kg_ppr,Weighted-KG-PPR only,phase1c_mlp_topk_4,source_only_baseline,em,EM,75.37372773536896,0.0,3,10.663167938931295,10.663167938931295,,,,,results/source_level_diagnostics/phase1d_contriever_source_level_ablation_20260529/paper_export/phase1d_contriever_source_level_ablation_table.csv
2wiki,weighted_kg_ppr,Contriever + Weighted-KG-PPR,controller_dense_hkvm,dense_plus_source_controller,all_recall@10,AR@10,100.0,0.0,3,0.0,0.0,98.10750636132316,-1.8924936386768394,-1.8924936386768394,0.0,results/source_level_diagnostics/phase1d_contriever_source_level_ablation_20260529/paper_export/phase1d_contriever_source_level_ablation_table.csv
2wiki,weighted_kg_ppr,Weighted-KG-PPR only,phase1c_mlp_topk_4,source_only_baseline,all_recall@10,AR@10,98.10750636132316,0.0,3,-1.8924936386768394,-1.8924936386768394,,,,,results/source_level_diagnostics/phase1d_contriever_source_level_ablation_20260529/paper_export/phase1d_contriever_source_level_ablation_table.csv
2wiki,weighted_kg_ppr,Contriever + Weighted-KG-PPR,controller_dense_hkvm,dense_plus_source_controller,all_recall@5,AR@5,69.3198685326548,0.5499239284740518,3,22.921967769296018,22.921967769296018,66.14980916030534,19.75190839694656,19.75190839694656,-23.61641221374046,results/source_level_diagnostics/phase1d_contriever_source_level_ablation_20260529/paper_export/phase1d_contriever_source_level_ablation_table.csv
2wiki,weighted_kg_ppr,Weighted-KG-PPR only,phase1c_mlp_topk_4,source_only_baseline,all_recall@5,AR@5,66.14980916030534,0.0,3,19.75190839694656,19.75190839694656,,,,,results/source_level_diagnostics/phase1d_contriever_source_level_ablation_20260529/paper_export/phase1d_contriever_source_level_ablation_table.csv
2wiki,weighted_hg_kv,Contriever + WHG-KV,controller_dense_hkvm,dense_plus_source_controller,f1,F1,88.6178261314258,0.09141185873043928,3,23.11946852940953,23.11946852940953,88.39122632467331,22.89286872265704,22.89286872265704,0.0,results/source_level_diagnostics/phase1d_contriever_source_level_ablation_20260529/paper_export/phase1d_contriever_source_level_ablation_table.csv
2wiki,weighted_hg_kv,WHG-KV only,phase1c_mlp_topk_4,source_only_baseline,f1,F1,88.39122632467331,0.09932670237050562,3,22.89286872265704,22.89286872265704,,,,,results/source_level_diagnostics/phase1d_contriever_source_level_ablation_20260529/paper_export/phase1d_contriever_source_level_ablation_table.csv
2wiki,weighted_hg_kv,Contriever + WHG-KV,controller_dense_hkvm,dense_plus_source_controller,em,EM,88.41178965224766,0.10394758031768463,3,23.70122985581,23.70122985581,88.18119168787108,23.470631891433413,23.470631891433413,0.0,results/source_level_diagnostics/phase1d_contriever_source_level_ablation_20260529/paper_export/phase1d_contriever_source_level_ablation_table.csv
2wiki,weighted_hg_kv,WHG-KV only,phase1c_mlp_topk_4,source_only_baseline,em,EM,88.18119168787108,0.10495647727535314,3,23.470631891433413,23.470631891433413,,,,,results/source_level_diagnostics/phase1d_contriever_source_level_ablation_20260529/paper_export/phase1d_contriever_source_level_ablation_table.csv
2wiki,weighted_hg_kv,Contriever + WHG-KV,controller_dense_hkvm,dense_plus_source_controller,all_recall@10,AR@10,100.0,0.0,3,0.0,0.0,99.02989821882952,-0.9701017811704844,-0.9701017811704844,0.0,results/source_level_diagnostics/phase1d_contriever_source_level_ablation_20260529/paper_export/phase1d_contriever_source_level_ablation_table.csv
2wiki,weighted_hg_kv,WHG-KV only,phase1c_mlp_topk_4,source_only_baseline,all_recall@10,AR@10,99.02989821882952,0.07022710612538151,3,-0.9701017811704844,-0.9701017811704844,,,,,results/source_level_diagnostics/phase1d_contriever_source_level_ablation_20260529/paper_export/phase1d_contriever_source_level_ablation_table.csv
2wiki,weighted_hg_kv,Contriever + WHG-KV,controller_dense_hkvm,dense_plus_source_controller,all_recall@5,AR@5,92.93628074639525,0.1585463997957833,3,46.53837998303648,46.53837998303648,92.5307463952502,46.13284563189143,46.13284563189143,0.0,results/source_level_diagnostics/phase1d_contriever_source_level_ablation_20260529/paper_export/phase1d_contriever_source_level_ablation_table.csv
2wiki,weighted_hg_kv,WHG-KV only,phase1c_mlp_topk_4,source_only_baseline,all_recall@5,AR@5,92.5307463952502,0.1371644299505449,3,46.13284563189143,46.13284563189143,,,,,results/source_level_diagnostics/phase1d_contriever_source_level_ablation_20260529/paper_export/phase1d_contriever_source_level_ablation_table.csv
hotpotqa,contriever_only,Contriever only,contriever,dense_baseline,f1,F1,79.93030391338371,0.0,3,0.0,0.0,,,,,results/source_level_diagnostics/phase1d_contriever_source_level_ablation_hotpotqa10k_20260602/paper_export/phase1d_hotpot_contriever_source_level_ablation_table.csv
hotpotqa,contriever_only,Contriever only,contriever,dense_baseline,em,EM,79.72991222147198,0.0,3,0.0,0.0,,,,,results/source_level_diagnostics/phase1d_contriever_source_level_ablation_hotpotqa10k_20260602/paper_export/phase1d_hotpot_contriever_source_level_ablation_table.csv
hotpotqa,contriever_only,Contriever only,contriever,dense_baseline,all_recall@10,AR@10,100.0,0.0,3,0.0,0.0,,,,,results/source_level_diagnostics/phase1d_contriever_source_level_ablation_hotpotqa10k_20260602/paper_export/phase1d_hotpot_contriever_source_level_ablation_table.csv
hotpotqa,contriever_only,Contriever only,contriever,dense_baseline,all_recall@5,AR@5,71.3301823092505,0.0,3,0.0,0.0,,,,,results/source_level_diagnostics/phase1d_contriever_source_level_ablation_hotpotqa10k_20260602/paper_export/phase1d_hotpot_contriever_source_level_ablation_table.csv
hotpotqa,hyper_rag,Contriever + Hyper-RAG / co-occurrence-HG,controller_dense_hkvm,dense_plus_source_controller,f1,F1,78.854912526597,0.3323563087694814,3,-1.0753913867867055,-1.0753913867867055,71.07412325706801,-8.8561806563157,-8.8561806563157,-6.241144773181105,results/source_level_diagnostics/phase1d_contriever_source_level_ablation_hotpotqa10k_20260602/paper_export/phase1d_hotpot_contriever_source_level_ablation_table.csv
hotpotqa,hyper_rag,Hyper-RAG / co-occurrence-HG only,phase1c_mlp_topk_4,source_only_baseline,f1,F1,71.07412325706801,0.0,3,-8.8561806563157,-8.8561806563157,,,,,results/source_level_diagnostics/phase1d_contriever_source_level_ablation_hotpotqa10k_20260602/paper_export/phase1d_hotpot_contriever_source_level_ablation_table.csv
hotpotqa,hyper_rag,Contriever + Hyper-RAG / co-occurrence-HG,controller_dense_hkvm,dense_plus_source_controller,em,EM,78.63155525545803,0.3355930464931947,3,-1.0983569660139523,-1.0983569660139523,70.72248480756245,-9.007427413909525,-9.007427413909525,-6.288543776727437,results/source_level_diagnostics/phase1d_contriever_source_level_ablation_hotpotqa10k_20260602/paper_export/phase1d_hotpot_contriever_source_level_ablation_table.csv
hotpotqa,hyper_rag,Hyper-RAG / co-occurrence-HG only,phase1c_mlp_topk_4,source_only_baseline,em,EM,70.72248480756245,0.0,3,-9.007427413909525,-9.007427413909525,,,,,results/source_level_diagnostics/phase1d_contriever_source_level_ablation_hotpotqa10k_20260602/paper_export/phase1d_hotpot_contriever_source_level_ablation_table.csv
hotpotqa,hyper_rag,Contriever + Hyper-RAG / co-occurrence-HG,controller_dense_hkvm,dense_plus_source_controller,all_recall@10,AR@10,100.0,0.0,3,0.0,0.0,98.20391627278866,-1.7960837272113395,-1.7960837272113395,0.0,results/source_level_diagnostics/phase1d_contriever_source_level_ablation_hotpotqa10k_20260602/paper_export/phase1d_hotpot_contriever_source_level_ablation_table.csv
hotpotqa,hyper_rag,Hyper-RAG / co-occurrence-HG only,phase1c_mlp_topk_4,source_only_baseline,all_recall@10,AR@10,98.20391627278866,0.0,3,-1.7960837272113395,-1.7960837272113395,,,,,results/source_level_diagnostics/phase1d_contriever_source_level_ablation_hotpotqa10k_20260602/paper_export/phase1d_hotpot_contriever_source_level_ablation_table.csv
hotpotqa,hyper_rag,Contriever + Hyper-RAG / co-occurrence-HG,controller_dense_hkvm,dense_plus_source_controller,all_recall@5,AR@5,70.63245554805312,0.7835908017573323,3,-0.6977267611973872,-0.6977267611973872,57.704253882511814,-13.625928426738689,-13.625928426738689,-9.24600495160928,results/source_level_diagnostics/phase1d_contriever_source_level_ablation_hotpotqa10k_20260602/paper_export/phase1d_hotpot_contriever_source_level_ablation_table.csv
hotpotqa,hyper_rag,Hyper-RAG / co-occurrence-HG only,phase1c_mlp_topk_4,source_only_baseline,all_recall@5,AR@5,57.704253882511814,0.0,3,-13.625928426738689,-13.625928426738689,,,,,results/source_level_diagnostics/phase1d_contriever_source_level_ablation_hotpotqa10k_20260602/paper_export/phase1d_hotpot_contriever_source_level_ablation_table.csv
hotpotqa,static_hg,Contriever + Static-HG,controller_dense_hkvm,dense_plus_source_controller,f1,F1,79.12775674689327,0.5065531536014,3,-0.8025471664904416,-0.8025471664904416,73.33969964182063,-6.59060427156308,-6.59060427156308,-5.968300552884841,results/source_level_diagnostics/phase1d_contriever_source_level_ablation_hotpotqa10k_20260602/paper_export/phase1d_hotpot_contriever_source_level_ablation_table.csv
hotpotqa,static_hg,Static-HG only,phase1c_mlp_topk_4,source_only_baseline,f1,F1,73.33969964182063,0.0,3,-6.59060427156308,-6.59060427156308,,,,,results/source_level_diagnostics/phase1d_contriever_source_level_ablation_hotpotqa10k_20260602/paper_export/phase1d_hotpot_contriever_source_level_ablation_table.csv
hotpotqa,static_hg,Contriever + Static-HG,controller_dense_hkvm,dense_plus_source_controller,em,EM,78.90614449696152,0.5129298053835389,3,-0.8237677245104607,-0.8237677245104607,73.01823092505064,-6.711681296421332,-6.711681296421332,-6.013954535223945,results/source_level_diagnostics/phase1d_contriever_source_level_ablation_hotpotqa10k_20260602/paper_export/phase1d_hotpot_contriever_source_level_ablation_table.csv
hotpotqa,static_hg,Static-HG only,phase1c_mlp_topk_4,source_only_baseline,em,EM,73.01823092505064,0.0,3,-6.711681296421332,-6.711681296421332,,,,,results/source_level_diagnostics/phase1d_contriever_source_level_ablation_hotpotqa10k_20260602/paper_export/phase1d_hotpot_contriever_source_level_ablation_table.csv
hotpotqa,static_hg,Contriever + Static-HG,controller_dense_hkvm,dense_plus_source_controller,all_recall@10,AR@10,100.0,0.0,3,0.0,0.0,98.19041188386225,-1.8095881161377463,-1.8095881161377463,0.0,results/source_level_diagnostics/phase1d_contriever_source_level_ablation_hotpotqa10k_20260602/paper_export/phase1d_hotpot_contriever_source_level_ablation_table.csv
hotpotqa,static_hg,Static-HG only,phase1c_mlp_topk_4,source_only_baseline,all_recall@10,AR@10,98.19041188386225,0.0,3,-1.8095881161377463,-1.8095881161377463,,,,,results/source_level_diagnostics/phase1d_contriever_source_level_ablation_hotpotqa10k_20260602/paper_export/phase1d_hotpot_contriever_source_level_ablation_table.csv
hotpotqa,static_hg,Contriever + Static-HG,controller_dense_hkvm,dense_plus_source_controller,all_recall@5,AR@5,70.97906819716408,0.9317702160537877,3,-0.35111411208642096,-0.35111411208642096,60.17555705604322,-11.154625253207286,-11.154625253207286,-8.899392302498313,results/source_level_diagnostics/phase1d_contriever_source_level_ablation_hotpotqa10k_20260602/paper_export/phase1d_hotpot_contriever_source_level_ablation_table.csv
hotpotqa,static_hg,Static-HG only,phase1c_mlp_topk_4,source_only_baseline,all_recall@5,AR@5,60.17555705604322,0.0,3,-11.154625253207286,-11.154625253207286,,,,,results/source_level_diagnostics/phase1d_contriever_source_level_ablation_hotpotqa10k_20260602/paper_export/phase1d_hotpot_contriever_source_level_ablation_table.csv
hotpotqa,weighted_kg_ppr,Contriever + Weighted-KG-PPR,controller_dense_hkvm,dense_plus_source_controller,f1,F1,79.57391821011394,0.28177771674895336,3,-0.3563857032697655,-0.3563857032697655,73.69539605923919,-6.234907854144524,-6.234907854144524,-5.522139089664165,results/source_level_diagnostics/phase1d_contriever_source_level_ablation_hotpotqa10k_20260602/paper_export/phase1d_hotpot_contriever_source_level_ablation_table.csv
hotpotqa,weighted_kg_ppr,Weighted-KG-PPR only,phase1c_mlp_topk_4,source_only_baseline,f1,F1,73.69539605923919,0.0,3,-6.234907854144524,-6.234907854144524,,,,,results/source_level_diagnostics/phase1d_contriever_source_level_ablation_hotpotqa10k_20260602/paper_export/phase1d_hotpot_contriever_source_level_ablation_table.csv
hotpotqa,weighted_kg_ppr,Contriever + Weighted-KG-PPR,controller_dense_hkvm,dense_plus_source_controller,em,EM,79.36079225748368,0.29593481726569915,3,-0.3691199639882967,-0.3691199639882967,73.36934503713707,-6.360567184334911,-6.360567184334911,-5.559306774701781,results/source_level_diagnostics/phase1d_contriever_source_level_ablation_hotpotqa10k_20260602/paper_export/phase1d_hotpot_contriever_source_level_ablation_table.csv
hotpotqa,weighted_kg_ppr,Weighted-KG-PPR only,phase1c_mlp_topk_4,source_only_baseline,em,EM,73.36934503713707,0.0,3,-6.360567184334911,-6.360567184334911,,,,,results/source_level_diagnostics/phase1d_contriever_source_level_ablation_hotpotqa10k_20260602/paper_export/phase1d_hotpot_contriever_source_level_ablation_table.csv
hotpotqa,weighted_kg_ppr,Contriever + Weighted-KG-PPR,controller_dense_hkvm,dense_plus_source_controller,all_recall@10,AR@10,100.0,0.0,3,0.0,0.0,95.38149898717083,-4.618501012829171,-4.618501012829171,0.0,results/source_level_diagnostics/phase1d_contriever_source_level_ablation_hotpotqa10k_20260602/paper_export/phase1d_hotpot_contriever_source_level_ablation_table.csv
hotpotqa,weighted_kg_ppr,Weighted-KG-PPR only,phase1c_mlp_topk_4,source_only_baseline,all_recall@10,AR@10,95.38149898717083,0.0,3,-4.618501012829171,-4.618501012829171,,,,,results/source_level_diagnostics/phase1d_contriever_source_level_ablation_hotpotqa10k_20260602/paper_export/phase1d_hotpot_contriever_source_level_ablation_table.csv
hotpotqa,weighted_kg_ppr,Contriever + Weighted-KG-PPR,controller_dense_hkvm,dense_plus_source_controller,all_recall@5,AR@5,72.3835246455098,0.5147044496150641,3,1.0533423362592913,1.0533423362592913,61.350438892640106,-9.979743416610397,-9.979743416610397,-7.494935854152601,results/source_level_diagnostics/phase1d_contriever_source_level_ablation_hotpotqa10k_20260602/paper_export/phase1d_hotpot_contriever_source_level_ablation_table.csv
hotpotqa,weighted_kg_ppr,Weighted-KG-PPR only,phase1c_mlp_topk_4,source_only_baseline,all_recall@5,AR@5,61.350438892640106,0.0,3,-9.979743416610397,-9.979743416610397,,,,,results/source_level_diagnostics/phase1d_contriever_source_level_ablation_hotpotqa10k_20260602/paper_export/phase1d_hotpot_contriever_source_level_ablation_table.csv
hotpotqa,weighted_hg_kv,Contriever + WHG-KV,controller_dense_hkvm,dense_plus_source_controller,f1,F1,85.09605729977811,0.16145350372991835,3,5.1657533863944,5.1657533863944,82.92909204350202,2.9987881301183137,2.9987881301183137,0.0,results/source_level_diagnostics/phase1d_contriever_source_level_ablation_hotpotqa10k_20260602/paper_export/phase1d_hotpot_contriever_source_level_ablation_table.csv
hotpotqa,weighted_hg_kv,WHG-KV only,phase1c_mlp_topk_4,source_only_baseline,f1,F1,82.92909204350202,0.09222155096665813,3,2.9987881301183137,2.9987881301183137,,,,,results/source_level_diagnostics/phase1d_contriever_source_level_ablation_hotpotqa10k_20260602/paper_export/phase1d_hotpot_contriever_source_level_ablation_table.csv
hotpotqa,weighted_hg_kv,Contriever + WHG-KV,controller_dense_hkvm,dense_plus_source_controller,em,EM,84.92009903218546,0.1712923483271707,3,5.1901868107134845,5.1901868107134845,82.70537924825568,2.9754670267837042,2.9754670267837042,0.0,results/source_level_diagnostics/phase1d_contriever_source_level_ablation_hotpotqa10k_20260602/paper_export/phase1d_hotpot_contriever_source_level_ablation_table.csv
hotpotqa,weighted_hg_kv,WHG-KV only,phase1c_mlp_topk_4,source_only_baseline,em,EM,82.70537924825568,0.08912441986596388,3,2.9754670267837042,2.9754670267837042,,,,,results/source_level_diagnostics/phase1d_contriever_source_level_ablation_hotpotqa10k_20260602/paper_export/phase1d_hotpot_contriever_source_level_ablation_table.csv
hotpotqa,weighted_hg_kv,Contriever + WHG-KV,controller_dense_hkvm,dense_plus_source_controller,all_recall@10,AR@10,100.0,0.0,3,0.0,0.0,96.43934278640558,-3.5606572135944248,-3.5606572135944248,0.0,results/source_level_diagnostics/phase1d_contriever_source_level_ablation_hotpotqa10k_20260602/paper_export/phase1d_hotpot_contriever_source_level_ablation_table.csv
hotpotqa,weighted_hg_kv,WHG-KV only,phase1c_mlp_topk_4,source_only_baseline,all_recall@10,AR@10,96.43934278640558,0.02774888139981483,3,-3.5606572135944248,-3.5606572135944248,,,,,results/source_level_diagnostics/phase1d_contriever_source_level_ablation_hotpotqa10k_20260602/paper_export/phase1d_hotpot_contriever_source_level_ablation_table.csv
hotpotqa,weighted_hg_kv,Contriever + WHG-KV,controller_dense_hkvm,dense_plus_source_controller,all_recall@5,AR@5,79.8784604996624,0.22624050187943706,3,8.548278190411892,8.548278190411892,74.09858203916272,2.7683997299122183,2.7683997299122183,0.0,results/source_level_diagnostics/phase1d_contriever_source_level_ablation_hotpotqa10k_20260602/paper_export/phase1d_hotpot_contriever_source_level_ablation_table.csv
hotpotqa,weighted_hg_kv,WHG-KV only,phase1c_mlp_topk_4,source_only_baseline,all_recall@5,AR@5,74.09858203916272,0.0902540520178441,3,2.7683997299122183,2.7683997299122183,,,,,results/source_level_diagnostics/phase1d_contriever_source_level_ablation_hotpotqa10k_20260602/paper_export/phase1d_hotpot_contriever_source_level_ablation_table.csv
